Data,Competição,Partida,Local,Marcador,Adversário,Titular,Parte do Corpo,Distância da Finalização,Minuto,Placar Antes do Gol,Goleiro,Assistência,Início de Jogada p/ Gol,Tipo,Pré-Ação de Gol,Tipo,Observações
2024-08-18,La Liga,Rodada 1,Fora,Vedat Muriqi,Mallorca,Sim,Cabeça,9,53,0-1,Thibaut Courtois,Dani Rodríguez,Dani Rodríguez,Pass (Dead),Dani Rodríguez,Pass (Live),
2024-08-29,La Liga,Rodada 3,Fora,Alberto Moleiro,Las Palmas,Sim,Perna Esquerda,12,5,0-0,Thibaut Courtois,Oliver McBurnie,Alberto Moleiro,Take-On,Oliver McBurnie,Pass (Live),
2024-09-17,Champions League,Fase de Liga,Casa,Deniz Undav,Stuttgart,Sim,Cabeça,4,68,0-1,Thibaut Courtois,Jamie Leweling,Jamie Leweling,Pass (Live),Jamie Leweling,Chute,
2024-09-21,La Liga,Rodada 6,Casa,Thibaut Courtois (OG),Espanyol,Sim,,,54,,,,,,,,Own Goal
2024-09-24,La Liga,Rodada 7,Casa,Carlos Benavídez,Alavés,Sim/Capitão,Perna Esquerda,23,85,0-3,Thibaut Courtois,Ander Guevara,Ander Guevara,Pass (Live),Carlos Benavídez,Pass (Live),
2024-09-24,La Liga,Rodada 7,Casa,Kiké,Alavés,Não,Perna Esquerda,11,86,1-3,Thibaut Courtois,Carlos Benavídez,Carlos Benavídez,Pass (Live),Ander Guevara,Pass (Live),
2024-09-29,La Liga,Rodada 8,Fora,Ángel Correa,Atlético Madrid,Não,Perna Direita,8,90+5,0-1,Thibaut Courtois,Javi Galán,Javi Galán,Pass (Live),Koke,Pass (Live),
2024-10-02,Champions League,Fase de Liga,Fora,Jonathan David,Lille,Sim,Perna Direita,13,45+2,0-0,Andriy Lunin,,,Fouled,Edon Zhegrova,Chute,
2024-10-19,La Liga,Rodada 10,Fora,Williot Swedberg,Celta Vigo,Sim,Perna Direita,14,51,0-1,Thibaut Courtois,Óscar Mingueza,Óscar Mingueza,Pass (Live),Jonathan Bamba,Pass (Live),
2024-10-22,Champions League,Fase de Liga,Casa,Donyell Malen,Borussia Dortmund,Sim,Perna Direita,11,30,0-0,Thibaut Courtois,Serhou Guirassy,Serhou Guirassy,Pass (Live),Julian Brandt,Tackle,
2024-10-22,Champions League,Fase de Liga,Casa,Jamie Gittens,Borussia Dortmund,Sim,Perna Esquerda,5,34,1-0,Thibaut Courtois,Donyell Malen,Donyell Malen,Pass (Live),Julian Ryerson,Pass (Live),
2024-10-26,La Liga,Rodada 11,Casa,Robert Lewandowski,Barcelona,Sim,Perna Direita,21,54,0-0,Andriy Lunin,Marc Casado,Marc Casado,Pass (Live),Iñigo Martínez,Pass (Dead),
2024-10-26,La Liga,Rodada 11,Casa,Robert Lewandowski,Barcelona,Sim,Cabeça,10,56,1-0,Andriy Lunin,Alejandro Balde,Alejandro Balde,Pass (Live),Frenkie de Jong,Pass (Live),
2024-10-26,La Liga,Rodada 11,Casa,Lamine Yamal,Barcelona,Sim,Perna Direita,12,77,2-0,Andriy Lunin,Raphinha,Raphinha,Pass (Live),,,
2024-10-26,La Liga,Rodada 11,Casa,Raphinha,Barcelona,Sim/Capitão,Perna Direita,14,84,3-0,Andriy Lunin,Iñigo Martínez,Iñigo Martínez,Pass (Live),Iñaki Peña,Pass (Live),
2024-11-05,Champions League,Fase de Liga,Casa,Malick Thiaw,Milan,Sim,Cabeça,4,12,0-0,Andriy Lunin,Christian Pulisic,Christian Pulisic,Pass (Dead),Álvaro Morata,Pass (Live),
2024-11-05,Champions League,Fase de Liga,Casa,Álvaro Morata,Milan,Sim,Perna Esquerda,5,39,1-1,Andriy Lunin,,Rafael Leão,Chute,,,
2024-11-05,Champions League,Fase de Liga,Casa,Tijjani Reijnders,Milan,Sim,Perna Esquerda,8,73,2-1,Andriy Lunin,Rafael Leão,Rafael Leão,Pass (Live),Tijjani Reijnders,Pass (Live),
2024-11-27,Champions League,Fase de Liga,Fora,Alexis Mac Allister,Liverpool,Sim,Perna Direita,13,52,0-0,Thibaut Courtois,Conor Bradley,Conor Bradley,Pass (Live),Alexis Mac Allister,Pass (Live),
2024-11-27,Champions League,Fase de Liga,Fora,Cody Gakpo,Liverpool,Não,Cabeça,5,76,1-0,Thibaut Courtois,Andrew Robertson,Andrew Robertson,Pass (Live),Curtis Jones,Pass (Live),
2024-12-04,La Liga,Rodada 19,Fora,Álex Berenguer,Athletic Club,Sim,Perna Esquerda,1,53,0-0,Thibaut Courtois,,Mikel Jauregizar,Pass (Live),Álex Berenguer,Pass (Live),
2024-12-04,La Liga,Rodada 19,Fora,Gorka Guruzeta,Athletic Club,Não,Perna Direita,15,80,1-1,Thibaut Courtois,,,,,,
2024-12-10,Champions League,Fase de Liga,Fora,Charles De Ketelaere,Atalanta,Sim,Perna Esquerda,13,45+2,0-1,Thibaut Courtois,,Sead Kolašinac,Fouled,Mario Pašalić,Pass (Live),
2024-12-10,Champions League,Fase de Liga,Fora,Ademola Lookman,Atalanta,Sim,Perna Direita,18,65,1-3,Thibaut Courtois,Lazar Samardzic,Lazar Samardzic,Pass (Live),Charles De Ketelaere,Pass (Live),
2024-12-14,La Liga,Rodada 17,Fora,Unai López,Rayo Vallecano,Sim,Cabeça,8,4,0-0,Thibaut Courtois,Jorge de Frutos,Jorge de Frutos,Pass (Live),Andrei Ratiu,Pass (Live),
2024-12-14,La Liga,Rodada 17,Fora,Abdul Mumin,Rayo Vallecano,Sim,Cabeça,5,36,1-0,Thibaut Courtois,Isaac Palazón Camacho,Isaac Palazón Camacho,Pass (Dead),Adri Embarba,Pass (Live),
2024-12-14,La Liga,Rodada 17,Fora,Isaac Palazón Camacho,Rayo Vallecano,Sim/Capitão,Perna Esquerda,6,64,2-3,Thibaut Courtois,Florian Lejeune,Florian Lejeune,Chute,,,Volley
2024-12-22,La Liga,Rodada 18,Casa,Isaac Romero,Sevilla,Sim,Cabeça,6,35,0-3,Thibaut Courtois,Juanlu Sánchez,Juanlu Sánchez,Pass (Live),Dodi Lukebakio,Pass (Live),
2024-12-22,La Liga,Rodada 18,Casa,Dodi Lukebakio,Sevilla,Sim,Perna Esquerda,14,85,1-4,Thibaut Courtois,Peque,Peque,Pass (Live),Lucien Agoume,Pass (Live),
2025-01-03,La Liga,Rodada 12,Fora,Hugo Duro,Valencia,Sim,Perna Direita,3,27,0-0,Thibaut Courtois,,Javier Guerra,Chute,,,
2025-01-12,Supercopa de España,Final,Neutral,Lamine Yamal,Barcelona,Sim,,,22,,,Robert Lewandowski,,,,,
2025-01-12,Supercopa de España,Final,Neutral,Robert Lewandowski,Barcelona,Sim,,,36,,,,,,,,
2025-01-12,Supercopa de España,Final,Neutral,Raphinha,Barcelona,Sim/Capitão,,,39,,,Jules Koundé,,,,,
2025-01-12,Supercopa de España,Final,Neutral,Alejandro Balde,Barcelona,Sim,,,45+10,,,Raphinha,,,,,
2025-01-12,Supercopa de España,Final,Neutral,Raphinha,Barcelona,Sim/Capitão,,,48,,,Marc Casado,,,,,
2025-01-16,Copa del Rey,Oitavas de Finais,Casa,Jonathan Bamba,Celta Vigo,Não,,,83,,,Pablo Durán,,,,,
2025-01-16,Copa del Rey,Oitavas de Finais,Casa,Marcos Alonso,Celta Vigo,Sim,,,90+1,,,,,,,,
2025-01-19,La Liga,Rodada 20,Casa,Fábio Silva,Las Palmas,Sim,Perna Esquerda,3,1,0-0,Thibaut Courtois,Sandro Ramírez,Sandro Ramírez,Pass (Live),Fábio Silva,Pass (Live),
2025-01-22,Champions League,Fase de Liga,Casa,Mads Bidstrup,RB Salzburg,Sim,Perna Esquerda,12,85,0-5,Thibaut Courtois,Amar Dedić,Amar Dedić,Pass (Live),Adam Daghim,Pass (Live),Volley
2025-02-01,La Liga,Rodada 22,Fora,Carlos Romero,Espanyol,Sim,Perna Esquerda,8,85,0-0,Thibaut Courtois,Omar El Hilali,Omar El Hilali,Pass (Live),Álvaro Tejero,Pass (Live),"Deflected, Volley"
2025-02-05,Copa del Rey,Quartas de Finais,Fora,Juan Cruz,Leganés,Sim,,,39,,,,,,,,
2025-02-05,Copa del Rey,Quartas de Finais,Fora,Juan Cruz,Leganés,Sim,,,59,,,Darko Brašanac,,,,,
2025-02-08,La Liga,Rodada 23,Casa,Julián Álvarez,Atlético Madrid,Sim,Perna Direita,13,35,0-0,Thibaut Courtois,,Samuel Lino,Fouled,Javi Galán,Pass (Live),
2025-02-11,Champions League,Play-Offs das Oitavas,Fora,Erling Haaland,Manchester City,Sim,Perna Esquerda,6,19,0-0,Thibaut Courtois,Joško Gvardiol,Joško Gvardiol,Pass (Live),Jack Grealish,Pass (Live),Volley
2025-02-11,Champions League,Play-Offs das Oitavas,Fora,Erling Haaland,Manchester City,Sim,Perna Esquerda,13,80,1-1,Thibaut Courtois,,Phil Foden,Fouled,Rico Lewis,Pass (Live),
2025-02-15,La Liga,Rodada 24,Fora,Ante Budimir,Osasuna,Sim,Perna Esquerda,13,58,0-1,Thibaut Courtois,,Ante Budimir,Fouled,Ante Budimir,Chute,
2025-02-19,Champions League,Play-Offs das Oitavas,Casa,Nicolás González,Manchester City,Sim,Perna Esquerda,6,90+2,0-3,Thibaut Courtois,,Omar Marmoush,Chute,,,
2025-03-01,La Liga,Rodada 26,Fora,Johnny Cardoso,Real Betis,Sim,Cabeça,6,34,0-1,Thibaut Courtois,Isco,Isco,Pass (Dead),Isco,Pass (Live),
2025-03-01,La Liga,Rodada 26,Fora,Isco,Real Betis,Sim/Capitão,Perna Direita,13,54,1-1,Thibaut Courtois,,Jesus Rodríguez,Fouled,Isco,Pass (Live),
2025-03-04,Champions League,Oitavas de Finais,Casa,Julián Álvarez,Atlético Madrid,Sim,Perna Direita,20,32,0-1,Thibaut Courtois,Javi Galán,Julián Álvarez,Take-On,Javi Galán,Pass (Live),
2025-03-09,La Liga,Rodada 27,Casa,Pedro Díaz,Rayo Vallecano,Sim,Perna Direita,22,45+2,0-2,Andriy Lunin,Álvaro García,Álvaro García,Pass (Live),Pedro Díaz,Pass (Live),
2025-03-12,Champions League,Oitavas de Finais,Fora,Conor Gallagher,Atlético Madrid,Sim,Perna Direita,3,1,0-0,Thibaut Courtois,,Julián Álvarez,Pass (Live),Conor Gallagher,Pass (Live),
2025-03-15,La Liga,Rodada 28,Fora,Juan Foyth,Villarreal,Sim/Capitão,Perna Esquerda,4,7,0-0,Thibaut Courtois,,Ayoze Pérez,Chute,,,Volley
2025-03-29,La Liga,Rodada 29,Casa,Diego,Leganés,Sim,Perna Esquerda,3,33,0-1,Andriy Lunin,,Óscar Rodríguez Arnaiz,Chute,,,
2025-03-29,La Liga,Rodada 29,Casa,Dani Raba,Leganés,Sim,Perna Esquerda,7,41,1-1,Andriy Lunin,Óscar Rodríguez Arnaiz,Óscar Rodríguez Arnaiz,Pass (Live),Óscar Rodríguez Arnaiz,Take-On,
2025-04-01,Copa del Rey,Semi-Finais,Casa,Ander Barrenetxea,Real Sociedad,Sim,,,16,,,Pablo Marín,,,,,
2025-04-01,Copa del Rey,Semi-Finais,Casa,David Alaba (OG),Real Sociedad,Sim,,,72,,,,,,,,Own Goal
2025-04-01,Copa del Rey,Semi-Finais,Casa,Mikel Oyarzabal,Real Sociedad,Sim/Capitão,,,80,,,Takefusa Kubo,,,,,
2025-04-01,Copa del Rey,Semi-Finais,Casa,Mikel Oyarzabal,Real Sociedad,Sim/Capitão,,,90+3,,,Sergio Gómez,,,,,
2025-04-05,La Liga,Rodada 30,Casa,Mouctar Diakhaby,Valencia,Sim/Capitão,Cabeça,8,15,0-0,Fran,Domingos André Ribeiro Almeida,Domingos André Ribeiro Almeida,Pass (Dead),,,
2025-04-05,La Liga,Rodada 30,Casa,Hugo Duro,Valencia,Não,Cabeça,8,90+5,1-1,Fran,Rafa Mir,Rafa Mir,Pass (Live),Diego López,Pass (Live),
2025-04-08,Champions League,Quartas de Finais,Fora,Declan Rice,Arsenal,Sim,Perna Direita,31,58,0-0,Thibaut Courtois,,Bukayo Saka,Fouled,Jurriën Timber,Pass (Live),
2025-04-08,Champions League,Quartas de Finais,Fora,Declan Rice,Arsenal,Sim,Perna Direita,27,70,1-0,Thibaut Courtois,,Bukayo Saka,Fouled,Martin Ødegaard,Pass (Live),
2025-04-08,Champions League,Quartas de Finais,Fora,Mikel Merino,Arsenal,Sim,Perna Esquerda,18,75,2-0,Thibaut Courtois,Myles Lewis-Skelly,Myles Lewis-Skelly,Pass (Live),Leandro Trossard,Pass (Live),
2025-04-16,Champions League,Quartas de Finais,Casa,Bukayo Saka,Arsenal,Sim,Perna Esquerda,9,65,0-0,Thibaut Courtois,Mikel Merino,Mikel Merino,Pass (Live),Martin Ødegaard,Pass (Live),
2025-04-16,Champions League,Quartas de Finais,Casa,Gabriel Martinelli,Arsenal,Sim,Perna Direita,13,90+3,1-1,Thibaut Courtois,Mikel Merino,Mikel Merino,Pass (Live),,,
2025-04-26,Copa del Rey,Final,Fora,Pedri,Barcelona,Sim,,,28,,,Lamine Yamal,,,,,
2025-04-26,Copa del Rey,Final,Fora,Ferrán Torres,Barcelona,Sim,,,84,,,Lamine Yamal,,,,,
2025-04-26,Copa del Rey,Final,Fora,Jules Koundé,Barcelona,Sim,,,116,,,,,,,,
2025-05-04,La Liga,Rodada 34,Casa,Javi Rodríguez,Celta Vigo,Sim,Perna Direita,3,69,0-3,Thibaut Courtois,,Pablo Durán,Chute,,,
2025-05-04,La Liga,Rodada 34,Casa,Williot Swedberg,Celta Vigo,Não,Perna Direita,10,76,1-3,Thibaut Courtois,Iago Aspas,Iago Aspas,Pass (Live),Marcos Alonso,Pass (Live),
2025-05-11,La Liga,Rodada 35,Fora,Eric García,Barcelona,Sim,Cabeça,4,19,0-2,Thibaut Courtois,Ferrán Torres,Ferrán Torres,Pass (Live),Dani Olmo,Pass (Dead),
2025-05-11,La Liga,Rodada 35,Fora,Lamine Yamal,Barcelona,Sim,Perna Esquerda,16,32,1-2,Thibaut Courtois,Ferrán Torres,Ferrán Torres,Pass (Live),Pedri,Pass (Live),
2025-05-11,La Liga,Rodada 35,Fora,Raphinha,Barcelona,Sim,Perna Esquerda,16,34,2-2,Thibaut Courtois,Pedri,Pedri,Pass (Live),Pedri,Take-On,
2025-05-11,La Liga,Rodada 35,Fora,Raphinha,Barcelona,Sim,Perna Esquerda,9,45,3-2,Thibaut Courtois,Ferrán Torres,Ferrán Torres,Pass (Live),,,
2025-05-14,La Liga,Rodada 36,Casa,Martin Valjent,Mallorca,Sim,Perna Esquerda,17,11,0-0,Thibaut Courtois,,Martin Valjent,Pass (Live),Samu Costa,Pass (Live),
2023-08-19,La Liga,Rodada 2,Fora,Sergio Arribas,Almería,Sim,Cabeça,10,3,0-0,Andriy Lunin,Lucas Robertone,Lucas Robertone,Pass (Live),Largie Ramazani,Pass (Live),
2023-09-02,La Liga,Rodada 4,Casa,Borja Mayoral,Getafe,Sim,Perna Direita,14,11,0-0,Kepa Arrizabalaga,,Borja Mayoral,Take-On,,,
2023-09-17,La Liga,Rodada 5,Casa,Ander Barrenetxea,Real Sociedad,Sim,Perna Direita,4,5,0-0,Kepa Arrizabalaga,,Ander Barrenetxea,Chute,,,
2023-09-24,La Liga,Rodada 6,Fora,Álvaro Morata,Atlético Madrid,Sim,Cabeça,9,4,0-0,Kepa Arrizabalaga,Samuel Lino,Samuel Lino,Pass (Live),Mario Hermoso,Pass (Live),
2023-09-24,La Liga,Rodada 6,Fora,Antoine Griezmann,Atlético Madrid,Sim,Cabeça,10,18,1-0,Kepa Arrizabalaga,Saúl Ñíguez,Saúl Ñíguez,Pass (Live),Samuel Lino,Pass (Live),
2023-09-24,La Liga,Rodada 6,Fora,Álvaro Morata,Atlético Madrid,Sim,Cabeça,6,46,2-1,Kepa Arrizabalaga,Saúl Ñíguez,Saúl Ñíguez,Pass (Live),Antoine Griezmann,Pass (Live),
2023-10-03,Champions League,Fase de Grupos,Fora,Leo Skiri Østigård,Napoli,Sim,Cabeça,5,19,0-0,Kepa Arrizabalaga,,Natan,Chute,,,
2023-10-03,Champions League,Fase de Grupos,Fora,Piotr Zieliński,Napoli,Sim,Perna Direita,13,54,1-2,Kepa Arrizabalaga,,,Fouled,Victor Osimhen,Chute,
2023-10-21,La Liga,Rodada 10,Fora,David Alaba (OG),Sevilla,Sim,,,74,,,,,,,,Own Goal
2023-10-24,Champions League,Fase de Grupos,Fora,Álvaro djaló,Braga,Sim,Perna Direita,12,63,0-2,Kepa Arrizabalaga,Simon Banza,Simon Banza,Pass (Live),Joe Mendes,Pass (Live),
2023-10-28,La Liga,Rodada 11,Fora,İlkay Gündoğan,Barcelona,Sim,Perna Direita,10,6,0-0,Kepa Arrizabalaga,,,,,,
2023-11-11,La Liga,Rodada 13,Casa,Hugo Duro,Valencia,Sim,Perna Direita,12,88,0-5,Andriy Lunin,Hugo González,Hugo González,Pass (Live),Dimitri Foulquier,Pass (Live),Volley
2023-11-29,Champions League,Fase de Grupos,Casa,Giovanni Simeone,Napoli,Sim,Perna Esquerda,2,9,0-0,Andriy Lunin,Giovanni Di Lorenzo,Khvicha Kvaratskhelia,Pass (Live),Khvicha Kvaratskhelia,Chute,
2023-11-29,Champions League,Fase de Grupos,Casa,Andre-Frank Zambo Anguissa,Napoli,Sim,Perna Direita,9,47,1-2,Andriy Lunin,,Giovanni Di Lorenzo,Pass (Live),Andre-Frank Zambo Anguissa,Pass (Live),Volley
2023-12-09,La Liga,Rodada 16,Fora,Aitor Ruibal,Real Betis,Sim,Perna Direita,26,66,0-1,Andriy Lunin,Willian José,Willian José,Pass (Live),Ayoze Pérez,Pass (Live),
2023-12-12,Champions League,Fase de Grupos,Fora,Kevin Volland,Union Berlin,Sim,Perna Direita,11,45+1,0-0,Kepa Arrizabalaga,,Frederik Rønnow,Pass (Live),,,
2023-12-12,Champions League,Fase de Grupos,Fora,Alex Král,Union Berlin,Não,Perna Direita,24,85,1-2,Kepa Arrizabalaga,Aïssa Laïdouni,Aïssa Laïdouni,Tackle,Christopher Trimmel,Pass (Live),
2023-12-17,La Liga,Rodada 17,Casa,José Luis Morales,Villarreal,Sim,Perna Esquerda,11,54,0-2,Andriy Lunin,Ramón Terrats,Ramón Terrats,Pass (Live),Daniel Parejo,Pass (Live),
2024-01-06,Copa del Rey,Play-Offs das Oitavas,Fora,Nacho (OG),Arandina,Sim/Capitão,,,90+3,,,,,,,,Own Goal
2024-01-10,Supercopa de España,Semi-Finais,Casa,Mario Hermoso,Atlético Madrid,Sim,,,6,,,Antoine Griezmann,,,,,
2024-01-10,Supercopa de España,Semi-Finais,Casa,Antoine Griezmann,Atlético Madrid,Sim,,,37,,,Rodrigo De Paul,,,,,
2024-01-10,Supercopa de España,Semi-Finais,Casa,Antonio Rüdiger (OG),Atlético Madrid,Sim,,,78,,,,,,,,Own Goal
2024-01-14,Supercopa de España,Final,Casa,Robert Lewandowski,Barcelona,Sim,,,33,,,,,,,,
2024-01-18,Copa del Rey,Oitavas de Finais,Fora,Samuel Lino,Atlético Madrid,Sim,,,39,,,,,,,,
2024-01-18,Copa del Rey,Oitavas de Finais,Fora,Álvaro Morata,Atlético Madrid,Sim,,,57,,,,,,,,
2024-01-18,Copa del Rey,Oitavas de Finais,Fora,Antoine Griezmann,Atlético Madrid,Sim,,,100,,,,,,,,
2024-01-18,Copa del Rey,Oitavas de Finais,Fora,Rodrigo Riquelme,Atlético Madrid,Não,,,119,,,Memphis,,,,,
2024-01-21,La Liga,Rodada 21,Casa,Largie Ramazani,Almería,Sim,Perna Direita,13,1,0-0,Kepa Arrizabalaga,Lucas Robertone,Lucas Robertone,Pass (Live),Sergio Arribas,Pass (Live),
2024-01-21,La Liga,Rodada 21,Casa,Édgar González,Almería,Sim,Perna Esquerda,25,43,1-0,Kepa Arrizabalaga,,,,,,Volley
2024-01-27,La Liga,Rodada 22,Fora,Javier Muñoz,Las Palmas,Sim,Perna Direita,9,53,0-0,Andriy Lunin,Sandro Ramírez,Sandro Ramírez,Pass (Live),Kirian Rodríguez,Pass (Live),Deflected
2024-02-04,La Liga,Rodada 23,Casa,Marcos Llorente,Atlético Madrid,Sim,Cabeça,9,90+3,0-1,Andriy Lunin,Memphis,Memphis,Pass (Live),Stefan Savić,Pass (Live),
2024-02-18,La Liga,Rodada 25,Fora,Raúl de Tomás,Rayo Vallecano,Sim,Perna Direita,13,27,0-1,Andriy Lunin,,,Fouled,Óscar Trejo,Chute,
2024-03-02,La Liga,Rodada 27,Fora,Hugo Duro,Valencia,Sim,Cabeça,10,27,0-0,Andriy Lunin,Francisco Perez,Francisco Perez,Chute,,,
2024-03-02,La Liga,Rodada 27,Fora,Roman Yaremchuk,Valencia,Sim,Perna Esquerda,13,30,1-0,Andriy Lunin,,Roman Yaremchuk,Take-On,,,
2024-03-06,Champions League,Oitavas de Finais,Casa,Willi Orban,RB Leipzig,Sim/Capitão,Cabeça,8,68,0-1,Andriy Lunin,David Raum,David Raum,Pass (Live),Dani Olmo,Pass (Dead),
2024-03-16,La Liga,Rodada 29,Fora,Ante Budimir,Osasuna,Sim,Perna Esquerda,4,7,0-1,Andriy Lunin,Jorge Herrando,Ante Budimir,Pass (Live),Jesús Areso,Pass (Dead),Deflected
2024-03-16,La Liga,Rodada 29,Fora,Iker Muñoz,Osasuna,Não,Perna Direita,12,90+1,1-4,Andriy Lunin,Jesús Areso,Jesús Areso,Pass (Live),Lucas Torró,Pass (Live),
2024-04-09,Champions League,Quartas de Finais,Casa,Bernardo Silva,Manchester City,Sim,Perna Esquerda,28,2,0-0,Andriy Lunin,,Jack Grealish,Fouled,Joško Gvardiol,Pass (Live),
2024-04-09,Champions League,Quartas de Finais,Casa,Phil Foden,Manchester City,Sim,Perna Esquerda,22,66,1-2,Andriy Lunin,John Stones,John Stones,Pass (Live),Bernardo Silva,Pass (Live),
2024-04-09,Champions League,Quartas de Finais,Casa,Joško Gvardiol,Manchester City,Sim,Perna Direita,24,71,2-2,Andriy Lunin,Jack Grealish,Jack Grealish,Pass (Live),Phil Foden,Pass (Live),
2024-04-17,Champions League,Quartas de Finais,Fora,Kevin De Bruyne,Manchester City,Sim,Perna Direita,4,76,0-1,Andriy Lunin,,Rodri,Pass (Live),Phil Foden,Pass (Live),
2024-04-21,La Liga,Rodada 32,Casa,Andreas Christensen,Barcelona,Sim,Cabeça,3,6,0-0,Andriy Lunin,Raphinha,Raphinha,Pass (Dead),,,
2024-04-21,La Liga,Rodada 32,Casa,Fermin López,Barcelona,Não,Perna Esquerda,7,69,1-1,Andriy Lunin,,Ferrán Torres,Pass (Live),João Cancelo,Pass (Live),
2024-04-30,Champions League,Semi-Finais,Fora,Leroy Sané,Bayern Munich,Sim,Perna Esquerda,17,53,0-1,Andriy Lunin,Konrad Laimer,Konrad Laimer,Pass (Live),Noussair Mazraoui,Pass (Live),
2024-04-30,Champions League,Semi-Finais,Fora,Harry Kane,Bayern Munich,Sim,Perna Direita,13,57,1-1,Andriy Lunin,,Jamal Musiala,Fouled,Thomas Müller,Pass (Live),
2024-05-08,Champions League,Semi-Finais,Casa,Alphonso Davies,Bayern Munich,Não,Perna Direita,17,68,0-0,Andriy Lunin,Harry Kane,Harry Kane,Pass (Live),Jamal Musiala,Pass (Live),
2024-05-19,La Liga,Rodada 37,Fora,Alexander Sørloth,Villarreal,Sim,Cabeça,11,39,0-2,Andriy Lunin,Yerson Mosquera,Yerson Mosquera,Pass (Live),,,
2024-05-19,La Liga,Rodada 37,Fora,Alexander Sørloth,Villarreal,Sim,Cabeça,9,48,1-4,Andriy Lunin,Gerard Moreno,Gerard Moreno,Pass (Live),Bertrand Traoré,Pass (Live),
2024-05-19,La Liga,Rodada 37,Fora,Alexander Sørloth,Villarreal,Sim,Perna Esquerda,11,52,2-4,Andriy Lunin,,Alexander Sørloth,Chute,,,
2024-05-19,La Liga,Rodada 37,Fora,Alexander Sørloth,Villarreal,Sim,Perna Esquerda,12,56,3-4,Andriy Lunin,Gerard Moreno,Gerard Moreno,Pass (Live),Gonçalo Guedes,Pass (Live),
2022-08-14,La Liga,Rodada 1,Fora,Largie Ramazani,Almería,Sim,Perna Direita,17,6,0-0,Thibaut Courtois,Íñigo Eguaras,Íñigo Eguaras,Pass (Live),Sergio Akieme,Pass (Live),
2022-08-20,La Liga,Rodada 2,Fora,Iago Aspas,Celta Vigo,Sim,Perna Esquerda,13,23,0-1,Thibaut Courtois,,,Fouled,Gonçalo Paciência,Chute,
2022-08-28,La Liga,Rodada 3,Fora,Joselu,Espanyol,Sim,Perna Direita,8,43,0-1,Thibaut Courtois,,Joselu,Chute,,,Volley
2022-09-03,La Liga,Rodada 4,Casa,Sergio Canales,Real Betis,Sim,Perna Direita,13,17,0-1,Thibaut Courtois,Borja Iglesias,Borja Iglesias,Pass (Live),Álex Moreno,Pass (Dead),
2022-09-11,La Liga,Rodada 5,Casa,Vedat Muriqi,Mallorca,Sim,Cabeça,4,35,0-0,Thibaut Courtois,Lee Kang-in,Lee Kang-in,Pass (Dead),Pablo Maffeo,Fouled,
2022-09-18,La Liga,Rodada 6,Fora,Mario Hermoso,Atlético Madrid,Não,Outros,6,83,0-2,Thibaut Courtois,,,,,,
2022-10-02,La Liga,Rodada 7,Casa,Kiké,Osasuna,Sim,Cabeça,14,50,0-1,Andriy Lunin,Unai García,Unai García,Pass (Live),Moi Gómez,Pass (Live),
2022-10-05,Champions League,Fase de Grupos,Casa,Oleksandr Zubkov,Shakhtar Donetsk,Sim,Perna Esquerda,13,39,0-2,Andriy Lunin,Bohdan Mykhaylychenko,Bohdan Mykhaylychenko,Pass (Live),Mykhailo Mudryk,Pass (Live),Volley
2022-10-11,Champions League,Fase de Grupos,Fora,Oleksandr Zubkov,Shakhtar Donetsk,Sim,Cabeça,8,46,0-0,Andriy Lunin,Bohdan Mykhaylychenko,Bohdan Mykhaylychenko,Pass (Live),Mykhailo Mudryk,Pass (Live),
2022-10-16,La Liga,Rodada 9,Casa,Ferrán Torres,Barcelona,Não,Perna Esquerda,8,83,0-2,Andriy Lunin,Robert Lewandowski,Robert Lewandowski,Chute,,,
2022-10-22,La Liga,Rodada 11,Casa,Érik Lamela,Sevilla,Sim,Perna Esquerda,9,54,0-1,Thibaut Courtois,Gonzalo Montiel,Gonzalo Montiel,Pass (Live),,,
2022-10-25,Champions League,Fase de Grupos,Fora,Joško Gvardiol,RB Leipzig,Sim,Cabeça,4,13,0-0,Thibaut Courtois,André Silva,André Silva,Chute,,,
2022-10-25,Champions League,Fase de Grupos,Fora,Christopher Nkunku,RB Leipzig,Sim,Perna Esquerda,11,18,1-0,Thibaut Courtois,,Dominik Szoboszlai,Pass (Live),Amadou Haidara,Pass (Live),
2022-10-25,Champions League,Fase de Grupos,Fora,Timo Werner,RB Leipzig,Não,Perna Esquerda,2,81,2-1,Thibaut Courtois,Mohamed Simakan,Mohamed Simakan,Pass (Live),Christopher Nkunku,Pass (Live),
2022-10-30,La Liga,Rodada 12,Casa,Cristhian Stuani,Girona,Não,Perna Direita,13,80,0-1,Thibaut Courtois,,,Fouled,Arnau Martinez,Fouled,
2022-11-02,Champions League,Fase de Grupos,Casa,Jota,Celtic,Não,Perna Direita,24,84,0-5,Thibaut Courtois,,Jota,Fouled,David Turnbull,Pass (Live),
2022-11-07,La Liga,Rodada 13,Fora,Santi Comesaña,Rayo Vallecano,Sim,Perna Esquerda,17,5,0-0,Thibaut Courtois,Fran Garcia,Fran Garcia,Pass (Live),Álvaro García,Pass (Live),
2022-11-07,La Liga,Rodada 13,Fora,Álvaro García,Rayo Vallecano,Sim,Perna Esquerda,14,44,1-2,Thibaut Courtois,Isaac Palazón Camacho,Isaac Palazón Camacho,Pass (Live),Óscar Trejo,Pass (Live),Volley
2022-11-07,La Liga,Rodada 13,Fora,Óscar Trejo,Rayo Vallecano,Sim/Capitão,Perna Direita,13,67,2-2,Thibaut Courtois,,,Fouled,,,
2022-11-10,La Liga,Rodada 14,Casa,Lucas Pérez,Cádiz,Não,Perna Esquerda,11,81,0-2,Thibaut Courtois,,Álvaro Negredo,Chute,,,
2023-01-07,La Liga,Rodada 16,Fora,Yeremi Pino,Villarreal,Sim,Perna Direita,14,47,0-0,Thibaut Courtois,Gerard Moreno,Gerard Moreno,Pass (Live),Daniel Parejo,Pass (Live),Deflected
2023-01-07,La Liga,Rodada 16,Fora,Gerard Moreno,Villarreal,Sim,Perna Esquerda,13,63,1-1,Thibaut Courtois,,,Fouled,Samuel Chukwueze,Pass (Live),
2023-01-11,Supercopa de España,Semi-Finais,Casa,Samuel Lino,Valencia,Sim,,,46,,,Toni Lato,,,,,
2023-01-15,Supercopa de España,Final,Casa,Gavi,Barcelona,Sim,,,33,,,Robert Lewandowski,,,,,
2023-01-15,Supercopa de España,Final,Casa,Robert Lewandowski,Barcelona,Sim,,,45,,,Gavi,,,,,
2023-01-15,Supercopa de España,Final,Casa,Pedri,Barcelona,Sim,,,69,,,Gavi,,,,,
2023-01-19,Copa del Rey,Oitavas de Finais,Fora,Étienne Capoue,Villarreal,Sim,,,4,,,Gerard Moreno,,,,,
2023-01-19,Copa del Rey,Oitavas de Finais,Fora,Samuel Chukwueze,Villarreal,Sim,,,42,,,Gerard Moreno,,,,,
2023-01-26,Copa del Rey,Quartas de Finais,Casa,Álvaro Morata,Atlético Madrid,Sim,,,19,,,Nahuel Molina,,,,,
2023-02-05,La Liga,Rodada 20,Fora,Nacho (OG),Mallorca,Sim/Capitão,,,13,,,,,,,,Own Goal
2023-02-21,Champions League,Oitavas de Finais,Fora,Darwin Núñez,Liverpool,Sim,Perna Direita,9,4,0-0,Thibaut Courtois,Mohamed Salah,Mohamed Salah,Pass (Live),Jordan Henderson,Pass (Live),
2023-02-21,Champions League,Oitavas de Finais,Fora,Mohamed Salah,Liverpool,Sim,Perna Esquerda,9,14,1-0,Thibaut Courtois,,,,,,
2023-02-25,La Liga,Rodada 23,Casa,José María Giménez,Atlético Madrid,Não,Cabeça,10,78,0-0,Thibaut Courtois,Antoine Griezmann,Antoine Griezmann,Pass (Dead),Álvaro Morata,Fouled,
2023-03-02,Copa del Rey,Semi-Finais,Casa,Éder Militão (OG),Barcelona,Sim,,,26,,,,,,,,Own Goal
2023-03-11,La Liga,Rodada 25,Casa,Joselu,Espanyol,Sim,Perna Esquerda,12,8,0-0,Thibaut Courtois,Rubén,Rubén,Pass (Live),Rubén,Take-On,
2023-03-19,La Liga,Rodada 26,Fora,Sergi Roberto,Barcelona,Sim,Perna Direita,15,45,0-1,Thibaut Courtois,,Raphinha,Chute,,,
2023-03-19,La Liga,Rodada 26,Fora,Franck Kessié,Barcelona,Não,Perna Direita,10,90+2,1-1,Thibaut Courtois,Alejandro Balde,Alejandro Balde,Pass (Live),Robert Lewandowski,Pass (Live),
2023-04-08,La Liga,Rodada 28,Casa,Samuel Chukwueze,Villarreal,Sim,Perna Esquerda,14,39,0-1,Thibaut Courtois,Giovani Lo Celso,Samuel Chukwueze,Take-On,Giovani Lo Celso,Pass (Live),
2023-04-08,La Liga,Rodada 28,Casa,José Luis Morales,Villarreal,Não,Perna Esquerda,10,70,1-2,Thibaut Courtois,,José Luis Morales,Chute,,,
2023-04-08,La Liga,Rodada 28,Casa,Samuel Chukwueze,Villarreal,Sim,Perna Esquerda,23,80,2-2,Thibaut Courtois,Alex Baena,Alex Baena,Pass (Live),Samuel Chukwueze,Pass (Live),
2023-04-25,La Liga,Rodada 31,Fora,Valentín Castellanos,Girona,Sim,Cabeça,6,12,0-0,Andriy Lunin,Miguel Gutiérrez,Miguel Gutiérrez,Pass (Live),Iván Martín,Pass (Live),
2023-04-25,La Liga,Rodada 31,Fora,Valentín Castellanos,Girona,Sim,Perna Direita,14,24,1-0,Andriy Lunin,Arnau Martinez,Arnau Martinez,Pass (Live),Yan Couto,Pass (Live),
2023-04-25,La Liga,Rodada 31,Fora,Valentín Castellanos,Girona,Sim,Perna Direita,8,46,2-1,Andriy Lunin,Yan Couto,Yan Couto,Pass (Live),Santiago Bueno,Pass (Live),
2023-04-25,La Liga,Rodada 31,Fora,Valentín Castellanos,Girona,Sim,Cabeça,6,62,3-1,Andriy Lunin,,Rodrigo Riquelme,Chute,,,
2023-04-29,La Liga,Rodada 32,Casa,Lázaro,Almería,Sim,Perna Direita,3,45+1,0-3,Thibaut Courtois,Largie Ramazani,Largie Ramazani,Pass (Live),Sergio Akieme,Pass (Live),
2023-04-29,La Liga,Rodada 32,Casa,Lucas Robertone,Almería,Não,Cabeça,9,61,1-4,Thibaut Courtois,Francisco Portillo,Francisco Portillo,Pass (Live),Lázaro,Pass (Live),
2023-05-02,La Liga,Rodada 33,Fora,Takefusa Kubo,Real Sociedad,Sim,Perna Esquerda,8,47,0-0,Thibaut Courtois,,,,,,
2023-05-02,La Liga,Rodada 33,Fora,Ander Barrenetxea,Real Sociedad,Não,Perna Direita,13,85,1-0,Thibaut Courtois,David Silva,David Silva,Pass (Live),,,
2023-05-06,Copa del Rey,Final,Casa,Lucas Torró,Osasuna,Sim,,,58,,,,,,,,
2023-05-09,Champions League,Semi-Finais,Casa,Kevin De Bruyne,Manchester City,Sim,Perna Direita,27,67,0-1,Thibaut Courtois,İlkay Gündoğan,İlkay Gündoğan,Pass (Live),Jack Grealish,Pass (Live),
2023-05-17,Champions League,Semi-Finais,Fora,Bernardo Silva,Manchester City,Sim,Perna Esquerda,12,23,0-0,Thibaut Courtois,Kevin De Bruyne,Kevin De Bruyne,Pass (Live),Kyle Walker,Pass (Live),
2023-05-17,Champions League,Semi-Finais,Fora,Bernardo Silva,Manchester City,Sim,Cabeça,12,37,1-0,Thibaut Courtois,,İlkay Gündoğan,Chute,,,
2023-05-17,Champions League,Semi-Finais,Fora,Manuel Akanji,Manchester City,Sim,Cabeça,9,76,2-0,Thibaut Courtois,Kevin De Bruyne,Kevin De Bruyne,Pass (Dead),Jack Grealish,Fouled,Deflected
2023-05-17,Champions League,Semi-Finais,Fora,Julián Álvarez,Manchester City,Não,Perna Direita,11,90+1,3-0,Thibaut Courtois,Phil Foden,Phil Foden,Pass (Live),Riyad Mahrez,Pass (Live),
2023-05-21,La Liga,Rodada 35,Fora,Diego López,Valencia,Sim,Perna Direita,4,33,0-0,Thibaut Courtois,,Justin Kluivert,Chute,,,
2023-05-24,La Liga,Rodada 36,Casa,Raúl de Tomás,Rayo Vallecano,Não,Perna Direita,15,84,0-1,Thibaut Courtois,Pep Chavarría,Pep Chavarría,Pass (Live),Fran Garcia,Pass (Live),
2023-05-27,La Liga,Rodada 37,Fora,Rafa Mir,Sevilla,Sim,Perna Esquerda,15,3,0-0,Thibaut Courtois,,Bryan Gil,Chute,,,
2023-06-04,La Liga,Rodada 38,Casa,Oihan Sancet,Athletic Club,Sim,Perna Direita,4,49,0-0,Thibaut Courtois,,Oihan Sancet,Chute,,,
2021-08-14,La Liga,Rodada 1,Fora,Joselu,Alavés,Sim,Perna Direita,13,65,0-3,Thibaut Courtois,,John Guidetti,Fouled,,,
2021-08-22,La Liga,Rodada 2,Fora,Roger Martí,Levante,Sim,Perna Direita,13,46,0-1,Thibaut Courtois,Gonzalo Melero,Gonzalo Melero,Pass (Live),Gonzalo Melero,Pass (Live),
2021-08-22,La Liga,Rodada 2,Fora,José Campaña,Levante,Sim,Perna Direita,12,57,1-1,Thibaut Courtois,Jorge de Frutos,Jorge de Frutos,Pass (Live),Gonzalo Melero,Pass (Live),Volley
2021-08-22,La Liga,Rodada 2,Fora,Rober,Levante,Sim,Perna Esquerda,6,79,2-2,Thibaut Courtois,,José Luis Morales,Fouled,Carlos Clerc,Pass (Live),
2021-09-12,La Liga,Rodada 4,Casa,Santi Mina,Celta Vigo,Sim,Perna Direita,13,4,0-0,Thibaut Courtois,Iago Aspas,Iago Aspas,Pass (Live),,,
2021-09-12,La Liga,Rodada 4,Casa,Franco Cervi,Celta Vigo,Sim,Perna Esquerda,3,31,1-1,Thibaut Courtois,,Franco Cervi,Chute,,,
2021-09-19,La Liga,Rodada 5,Fora,Hugo Duro,Valencia,Sim,Perna Esquerda,12,66,0-0,Thibaut Courtois,,Yunus Musah,Pass (Dead),Maxi Gómez,Pass (Live),"Deflected, Volley"
2021-09-22,La Liga,Rodada 6,Casa,Lee Kang-in,Mallorca,Sim,Perna Esquerda,20,25,0-2,Thibaut Courtois,Matthew Hoppe,Lee Kang-in,Take-On,Matthew Hoppe,Pass (Live),
2021-09-28,Champions League,Fase de Grupos,Casa,Jasur Yaxshiboyev,Sheriff Tiraspol,Sim,Cabeça,9,25,0-0,Thibaut Courtois,Cristiano da Silva Leite,Cristiano da Silva Leite,Pass (Live),Sébastien Thill,Pass (Live),
2021-09-28,Champions League,Fase de Grupos,Casa,Sébastien Thill,Sheriff Tiraspol,Sim,Perna Esquerda,24,90,1-1,Thibaut Courtois,Adama Traoré,Adama Traoré,Pass (Live),Fernando Costanza,Pass (Dead),
2021-10-03,La Liga,Rodada 8,Fora,Raúl de Tomás,Espanyol,Sim,Perna Esquerda,5,17,0-0,Thibaut Courtois,Adri Embarba,Adri Embarba,Pass (Live),Aleix Vidal,Pass (Live),
2021-10-03,La Liga,Rodada 8,Fora,Aleix Vidal,Espanyol,Sim,Perna Direita,16,60,1-0,Thibaut Courtois,Keidi Bare,Aleix Vidal,Take-On,Keidi Bare,Pass (Live),
2021-10-24,La Liga,Rodada 10,Fora,Sergio Agüero,Barcelona,Não,Perna Direita,7,90+7,0-2,Thibaut Courtois,Sergiño Dest,Sergiño Dest,Pass (Live),Philippe Coutinho,Pass (Live),Volley
2021-10-30,La Liga,Rodada 12,Fora,Pere Milla,Elche,Não,Perna Esquerda,15,86,0-2,Thibaut Courtois,Darío Benedetto,Darío Benedetto,Pass (Live),,,
2021-11-03,Champions League,Fase de Grupos,Casa,Fernando,Shakhtar Donetsk,Sim,Perna Direita,12,39,0-1,Thibaut Courtois,Alan Patrick,Alan Patrick,Pass (Live),Mykola Matviyenko,Pass (Live),
2021-11-06,La Liga,Rodada 13,Casa,Radamel Falcao,Rayo Vallecano,Não,Cabeça,5,76,0-2,Thibaut Courtois,Álvaro García,Álvaro García,Pass (Live),Radamel Falcao,Chute,Deflected
2021-11-21,La Liga,Rodada 14,Fora,Luis Javier Suárez,Granada,Sim,Perna Esquerda,29,34,0-2,Thibaut Courtois,Maxime Gonalons,Maxime Gonalons,Pass (Live),Quini,Tackle,Deflected
2021-11-28,La Liga,Rodada 15,Casa,Rafa Mir,Sevilla,Sim,Cabeça,15,12,0-0,Thibaut Courtois,Marcos Acuña,Marcos Acuña,Pass (Dead),Papu Gómez,Pass (Live),
2021-12-22,La Liga,Rodada 21,Fora,Oihan Sancet,Athletic Club,Sim,Perna Direita,20,10,0-2,Thibaut Courtois,Óscar de Marcos,Óscar de Marcos,Pass (Live),Dani García,Pass (Live),
2022-01-02,La Liga,Rodada 19,Fora,Enes Ünal,Getafe,Sim,Perna Direita,12,9,0-0,Thibaut Courtois,,Enes Ünal,Tackle,,,
2022-01-05,Copa del Rey,Play-Offs das Oitavas,Fora,Daniel Vega Cintas,Alcoyano,Sim,,,66,0-1,Andriy Lunin,,,,,,
2022-01-08,La Liga,Rodada 20,Casa,Gonçalo Guedes,Valencia,Sim,Cabeça,9,76,0-3,Thibaut Courtois,,Gonçalo Guedes,Chute,,,
2022-01-12,Supercopa de España,Semi-Finais,Fora,Luuk de Jong,Barcelona,Sim,,,41,0-1,Thibaut Courtois,,,,,,
2022-01-12,Supercopa de España,Semi-Finais,Fora,Ansu Fati,Barcelona,Não,,,83,1-2,Thibaut Courtois,Jordi Alba,,,,,
2022-01-20,Copa del Rey,Oitavas de Finais,Fora,Gonzalo Verdú,Elche,Não,,,103,0-0,Andriy Lunin,,,,,,
2022-01-23,La Liga,Rodada 22,Casa,Lucas Boyé,Elche,Sim,Cabeça,8,42,0-0,Thibaut Courtois,Fidel,Fidel,Pass (Live),Johan Mojica,Pass (Live),
2022-01-23,La Liga,Rodada 22,Casa,Pere Milla,Elche,Sim,Perna Direita,13,76,1-0,Thibaut Courtois,Lucas Boyé,Lucas Boyé,Pass (Live),Lucas Boyé,Take-On,
2022-02-03,Copa del Rey,Quartas de Finais,Fora,Álex Berenguer,Athletic Club,Não,,,89,0-0,Thibaut Courtois,Mikel Vesga,,,,,
2022-02-15,Champions League,Oitavas de Finais,Fora,Kylian Mbappé,Paris Saint Germain,Sim,Perna Direita,10,90+4,0-0,Thibaut Courtois,Neymar,Kylian Mbappé,Take-On,Kylian Mbappé,Take-On,Deflected
2022-03-05,La Liga,Rodada 27,Casa,Mikel Oyarzabal,Real Sociedad,Sim,Perna Esquerda,13,10,0-0,Thibaut Courtois,,David Silva,Fouled,David Silva,Pass (Live),
2022-03-09,Champions League,Oitavas de Finais,Casa,Kylian Mbappé,Paris Saint Germain,Sim,Perna Direita,16,39,0-0,Thibaut Courtois,Neymar,Neymar,Pass (Live),Nuno Mendes,Tackle,
2022-03-20,La Liga,Rodada 29,Casa,Pierre-Emerick Aubameyang,Barcelona,Sim,Cabeça,5,29,0-0,Thibaut Courtois,Ousmane Dembélé,Ousmane Dembélé,Pass (Live),Gerard Piqué,Pass (Live),
2022-03-20,La Liga,Rodada 29,Casa,Ronald Araújo,Barcelona,Sim,Cabeça,9,38,1-0,Thibaut Courtois,Ousmane Dembélé,Ousmane Dembélé,Pass (Dead),Sergio Busquets,Pass (Live),
2022-03-20,La Liga,Rodada 29,Casa,Ferrán Torres,Barcelona,Sim,Perna Direita,14,47,2-0,Thibaut Courtois,Pierre-Emerick Aubameyang,Pierre-Emerick Aubameyang,Pass (Live),Ousmane Dembélé,Pass (Live),
2022-03-20,La Liga,Rodada 29,Casa,Pierre-Emerick Aubameyang,Barcelona,Sim,Perna Esquerda,13,51,3-0,Thibaut Courtois,Ferrán Torres,Ferrán Torres,Pass (Live),Gerard Piqué,Pass (Dead),
2022-04-02,La Liga,Rodada 30,Fora,Nolito,Celta Vigo,Sim,Perna Esquerda,9,52,0-1,Thibaut Courtois,Javi Galán,Javi Galán,Pass (Live),Iago Aspas,Pass (Live),
2022-04-06,Champions League,Quartas de Finais,Fora,Kai Havertz,Chelsea,Sim,Cabeça,8,40,0-2,Thibaut Courtois,Jorginho,Jorginho,Pass (Live),Reece James,Pass (Live),
2022-04-12,Champions League,Quartas de Finais,Casa,Mason Mount,Chelsea,Sim,Perna Direita,16,15,0-0,Thibaut Courtois,Timo Werner,Timo Werner,Pass (Live),Ruben Loftus-Cheek,Pass (Live),
2022-04-12,Champions League,Quartas de Finais,Casa,Antonio Rüdiger,Chelsea,Sim,Cabeça,10,51,1-0,Thibaut Courtois,Mason Mount,Mason Mount,Pass (Dead),Reece James,Chute,
2022-04-12,Champions League,Quartas de Finais,Casa,Timo Werner,Chelsea,Sim,Perna Direita,9,75,2-0,Thibaut Courtois,,Timo Werner,Take-On,Mateo Kovačić,Pass (Live),
2022-04-17,La Liga,Rodada 32,Fora,Ivan Rakitić,Sevilla,Sim,Perna Direita,26,21,0-0,Thibaut Courtois,,Papu Gómez,Fouled,Papu Gómez,Tackle,
2022-04-17,La Liga,Rodada 32,Fora,Érik Lamela,Sevilla,Sim,Perna Esquerda,15,25,1-0,Thibaut Courtois,Jesús Corona,Jesús Corona,Pass (Live),Jesús Corona,Take-On,
2022-04-20,La Liga,Rodada 33,Fora,Ante Budimir,Osasuna,Sim,Perna Esquerda,3,13,0-1,Thibaut Courtois,,Jon Moncayola,Pass (Live),David García,Pass (Live),
2022-04-26,Champions League,Semi-Finais,Fora,Kevin De Bruyne,Manchester City,Sim,Cabeça,11,2,0-0,Thibaut Courtois,Riyad Mahrez,Riyad Mahrez,Pass (Live),Rúben Dias,Pass (Live),
2022-04-26,Champions League,Semi-Finais,Fora,Gabriel Jesus,Manchester City,Sim,Perna Direita,8,11,1-0,Thibaut Courtois,Kevin De Bruyne,Phil Foden,Pass (Live),Phil Foden,Take-On,
2022-04-26,Champions League,Semi-Finais,Fora,Phil Foden,Manchester City,Sim,Cabeça,6,53,2-1,Thibaut Courtois,Fernandinho,Fernandinho,Pass (Live),Riyad Mahrez,Pass (Live),
2022-04-26,Champions League,Semi-Finais,Fora,Bernardo Silva,Manchester City,Sim,Perna Esquerda,14,74,3-2,Thibaut Courtois,Oleksandr Zinchenko,Rodri,Pass (Live),Fernandinho,Pass (Live),
2022-05-04,Champions League,Semi-Finais,Casa,Riyad Mahrez,Manchester City,Sim,Perna Esquerda,15,73,0-0,Thibaut Courtois,Bernardo Silva,Bernardo Silva,Pass (Live),İlkay Gündoğan,Pass (Live),
2022-05-08,La Liga,Rodada 35,Fora,Yannick Carrasco,Atlético Madrid,Sim,Perna Direita,13,40,0-0,Andriy Lunin,,Matheus Cunha,Fouled,Marcos Llorente,Pass (Live),
2022-05-15,La Liga,Rodada 37,Fora,Rubén Sobrino,Cádiz,Sim,Perna Direita,16,37,0-1,Andriy Lunin,,Rubén Sobrino,Take-On,Rubén Alcaraz,Pass (Live),Deflected
2020-09-26,La Liga,Rodada 3,Fora,Aïssa Mandi,Real Betis,Sim,Cabeça,5,35,0-1,Thibaut Courtois,Sergio Canales,Sergio Canales,Pass (Live),Joaquín,Pass (Dead),
2020-09-26,La Liga,Rodada 3,Fora,William Carvalho,Real Betis,Sim,Perna Esquerda,17,37,1-1,Thibaut Courtois,Nabil Fekir,Nabil Fekir,Pass (Live),Sergio Canales,Pass (Live),
2020-10-17,La Liga,Rodada 6,Casa,Anthony Lozano,Cádiz,Sim,Perna Direita,12,16,0-0,Thibaut Courtois,Álvaro Negredo,Álvaro Negredo,Pass (Live),José Mari,Pass (Live),
2020-10-21,Champions League,Fase de Grupos,Casa,Tetê,Shakhtar Donetsk,Sim,Perna Esquerda,16,29,0-0,Thibaut Courtois,Viktor Korniienko,Viktor Korniienko,Pass (Live),Manor Solomon,Pass (Live),
2020-10-21,Champions League,Fase de Grupos,Casa,Raphaël Varane (OG),Shakhtar Donetsk,Sim,,,33,1-0,Thibaut Courtois,,,,,,Own Goal
2020-10-21,Champions League,Fase de Grupos,Casa,Manor Solomon,Shakhtar Donetsk,Sim,Perna Direita,15,42,2-0,Thibaut Courtois,Tetê,Tetê,Pass (Live),Manor Solomon,Pass (Live),
2020-10-24,La Liga,Rodada 7,Fora,Ansu Fati,Barcelona,Sim,Perna Direita,6,8,0-1,Thibaut Courtois,Jordi Alba,Jordi Alba,Pass (Live),Lionel Messi,Pass (Live),
2020-10-27,Champions League,Fase de Grupos,Fora,Marcus Thuram,Borussia Mönchengladbach,Sim,Perna Esquerda,14,33,0-0,Thibaut Courtois,Alassane Pléa,Alassane Pléa,Pass (Live),Jonas Hofmann,Pass (Live),
2020-10-27,Champions League,Fase de Grupos,Fora,Marcus Thuram,Borussia Mönchengladbach,Sim,Perna Direita,5,58,1-0,Thibaut Courtois,,Alassane Pléa,Chute,,,
2020-10-31,La Liga,Rodada 8,Casa,David Ferreiro,Huesca,Não,Perna Direita,4,74,0-3,Thibaut Courtois,Rafa Mir,Rafa Mir,Pass (Live),Sandro Ramírez,Pass (Live),
2020-11-03,Champions League,Fase de Grupos,Casa,Lautaro Martínez,Internazionale,Sim,Perna Direita,15,35,0-2,Thibaut Courtois,Nicolò Barella,Nicolò Barella,Pass (Live),Marcelo Brozović,Pass (Live),
2020-11-03,Champions League,Fase de Grupos,Casa,Ivan Perišić,Internazionale,Sim,Perna Esquerda,9,68,1-2,Thibaut Courtois,Lautaro Martínez,Lautaro Martínez,Pass (Live),Arturo Vidal,Pass (Live),
2020-11-08,La Liga,Rodada 9,Fora,Carlos Soler,Valencia,Sim,Perna Direita,13,35,0-1,Thibaut Courtois,,,Fouled,Hugo Guillamón,Pass (Live),
2020-11-08,La Liga,Rodada 9,Fora,Raphaël Varane (OG),Valencia,Sim,,,43,1-1,Thibaut Courtois,,,,,,Own Goal
2020-11-08,La Liga,Rodada 9,Fora,Carlos Soler,Valencia,Sim,Perna Direita,13,54,2-1,Thibaut Courtois,,Maxi Gómez,Fouled,Denis Cheryshev,Pass (Live),
2020-11-08,La Liga,Rodada 9,Fora,Carlos Soler,Valencia,Sim,Perna Direita,13,63,3-1,Thibaut Courtois,,,Fouled,Denis Cheryshev,Pass (Live),
2020-11-21,La Liga,Rodada 10,Fora,Gerard Moreno,Villarreal,Sim,Perna Esquerda,13,76,0-1,Thibaut Courtois,,Samuel Chukwueze,Fouled,Pervis Estupiñán,Pass (Live),
2020-11-28,La Liga,Rodada 11,Casa,Lucas Pérez,Alavés,Sim,Perna Esquerda,13,5,0-0,Thibaut Courtois,,,Fouled,Lucas Pérez,Pass (Dead),
2020-11-28,La Liga,Rodada 11,Casa,Joselu,Alavés,Sim,Perna Esquerda,29,49,1-0,Thibaut Courtois,,,,,,
2020-12-01,Champions League,Fase de Grupos,Fora,Dentinho,Shakhtar Donetsk,Não,Perna Esquerda,10,57,0-0,Thibaut Courtois,,,,,,
2020-12-01,Champions League,Fase de Grupos,Fora,Manor Solomon,Shakhtar Donetsk,Não,Perna Direita,19,82,1-0,Thibaut Courtois,Maycon,Maycon,Pass (Live),Dentinho,Pass (Live),
2020-12-15,La Liga,Rodada 19,Casa,Ander Capa,Athletic Club,Sim,Perna Esquerda,10,52,0-1,Thibaut Courtois,,Ander Capa,Chute,,,Deflected
2020-12-20,La Liga,Rodada 14,Fora,Kiké,Eibar,Sim/Capitão,Perna Direita,24,28,0-2,Thibaut Courtois,Kévin Rodrigues,Kévin Rodrigues,Pass (Live),Kévin Rodrigues,Interception,
2020-12-30,La Liga,Rodada 16,Fora,Fidel,Elche,Sim,Perna Esquerda,13,52,0-1,Thibaut Courtois,,Antonio Barragán,Fouled,Fidel,Pass (Dead),
2021-01-14,Supercopa de España,Semi-Finais,Casa,Raúl García,Athletic Club,Sim,,,18,0-0,Thibaut Courtois,Dani García,,,,,
2021-01-14,Supercopa de España,Semi-Finais,Casa,Raúl García,Athletic Club,Sim,,,38,1-0,Thibaut Courtois,,,,,,
2021-01-20,Copa del Rey,Play-Offs das Oitavas,Fora,Solbes,Alcoyano,Não,,,80,0-1,Andriy Lunin,Ramón López,,,,,
2021-01-20,Copa del Rey,Play-Offs das Oitavas,Fora,Juanan,Alcoyano,Sim,,,115,1-1,Andriy Lunin,Ali Diakité,,,,,
2021-01-23,La Liga,Rodada 20,Fora,Joselu,Alavés,Sim,Cabeça,10,59,0-3,Thibaut Courtois,Lucas Pérez,Lucas Pérez,Pass (Dead),Lucas Pérez,Fouled,
2021-01-30,La Liga,Rodada 21,Casa,José Luis Morales,Levante,Sim/Capitão,Perna Direita,12,32,0-1,Thibaut Courtois,Jorge Miramón,Jorge Miramón,Pass (Live),Gonzalo Melero,Pass (Live),Volley
2021-01-30,La Liga,Rodada 21,Casa,Roger Martí,Levante,Sim,Perna Direita,15,78,1-1,Thibaut Courtois,Enis Bardhi,Enis Bardhi,Pass (Live),Rubén Rochina,Pass (Live),Volley
2021-02-06,La Liga,Rodada 22,Fora,Javi Galán,Huesca,Sim,Perna Esquerda,18,48,0-0,Thibaut Courtois,Shinji Okazaki,Shinji Okazaki,Pass (Live),Mikel Rico,Pass (Live),
2021-03-01,La Liga,Rodada 25,Casa,Portu,Real Sociedad,Sim,Cabeça,8,55,0-0,Thibaut Courtois,Nacho Monreal,Nacho Monreal,Pass (Live),David Silva,Pass (Live),
2021-03-07,La Liga,Rodada 26,Fora,Luis Suárez,Atlético Madrid,Sim,Perna Direita,13,15,0-0,Thibaut Courtois,Marcos Llorente,Marcos Llorente,Pass (Live),Marcos Llorente,Take-On,
2021-03-13,La Liga,Rodada 27,Casa,Dani Calvo,Elche,Sim,Cabeça,10,61,0-0,Thibaut Courtois,Tete Morente,Tete Morente,Pass (Dead),,,
2021-03-16,Champions League,Oitavas de Finais,Casa,Luis Muriel,Atalanta,Sim,Perna Direita,28,83,0-2,Thibaut Courtois,,Cristian Romero,Fouled,Josip Iličić,Pass (Live),
2021-03-20,La Liga,Rodada 28,Fora,Santi Mina,Celta Vigo,Sim,Cabeça,12,40,0-2,Thibaut Courtois,Denis Suárez,Denis Suárez,Pass (Dead),Iago Aspas,Fouled,
2021-04-06,Champions League,Quartas de Finais,Casa,Mohamed Salah,Liverpool,Sim,Perna Esquerda,9,51,0-2,Thibaut Courtois,,Diogo Jota,Chute,,,
2021-04-10,La Liga,Rodada 30,Casa,Óscar Mingueza,Barcelona,Sim,Perna Direita,9,60,0-2,Thibaut Courtois,Jordi Alba,Jordi Alba,Pass (Live),Lionel Messi,Pass (Live),Volley
2021-04-27,Champions League,Semi-Finais,Casa,Christian Pulisic,Chelsea,Sim,Perna Direita,11,14,0-0,Thibaut Courtois,Antonio Rüdiger,Christian Pulisic,Take-On,Antonio Rüdiger,Pass (Live),Deflected
2021-05-05,Champions League,Semi-Finais,Fora,Timo Werner,Chelsea,Sim,Cabeça,1,28,0-0,Thibaut Courtois,Kai Havertz,Kai Havertz,Chute,,,
2021-05-05,Champions League,Semi-Finais,Fora,Mason Mount,Chelsea,Sim,Perna Direita,4,85,1-0,Thibaut Courtois,Christian Pulisic,Christian Pulisic,Pass (Live),N'Golo Kanté,Pass (Live),
2021-05-09,La Liga,Rodada 35,Casa,Fernando,Sevilla,Sim,Perna Esquerda,11,22,0-0,Thibaut Courtois,Ivan Rakitić,Fernando,Take-On,Ivan Rakitić,Pass (Live),
2021-05-09,La Liga,Rodada 35,Casa,Ivan Rakitić,Sevilla,Sim,Perna Direita,13,78,1-1,Thibaut Courtois,,,Fouled,,,
2021-05-13,La Liga,Rodada 36,Fora,Jorge Molina,Granada,Sim,Perna Direita,7,71,0-2,Thibaut Courtois,,Luis Javier Suárez,Chute,,,Volley
2021-05-22,La Liga,Rodada 38,Casa,Yeremi Pino,Villarreal,Sim,Perna Direita,11,20,0-0,Thibaut Courtois,Gerard Moreno,Gerard Moreno,Pass (Live),Gerard Moreno,Pass (Live),
2019-08-17,La Liga,Rodada 1,Fora,Iker Losada,Celta Vigo,Não,Perna Direita,14,90+1,0-3,Thibaut Courtois,Pape Cheikh Diop,Pape Cheikh Diop,Pass (Live),Pape Cheikh Diop,Take-On,
2019-08-24,La Liga,Rodada 2,Casa,Sergi Guardiola,Valladolid,Sim,Perna Esquerda,9,88,0-1,Thibaut Courtois,Óscar Plano,Óscar Plano,Pass (Live),Óscar Plano,Take-On,
2019-09-01,La Liga,Rodada 3,Fora,Gerard Moreno,Villarreal,Sim,Perna Esquerda,10,12,0-0,Thibaut Courtois,,Karl Toko Ekambi,Chute,,,
2019-09-01,La Liga,Rodada 3,Fora,Moi Gómez,Villarreal,Sim,Perna Direita,3,74,1-1,Thibaut Courtois,Javier Ontiveros,Javier Ontiveros,Pass (Live),Gerard Moreno,Chute,
2019-09-14,La Liga,Rodada 4,Casa,Borja Mayoral,Levante,Sim,Perna Esquerda,9,49,0-3,Thibaut Courtois,Carlos Clerc,Carlos Clerc,Pass (Live),Nikola Vukčević,Pass (Live),
2019-09-14,La Liga,Rodada 4,Casa,Gonzalo Melero,Levante,Não,Cabeça,3,75,1-3,Thibaut Courtois,José Campaña,José Campaña,Pass (Live),José Luis Morales,Pass (Live),
2019-09-18,Champions League,Fase de Grupos,Fora,Ángel Di María,Paris Saint Germain,Sim,Perna Esquerda,11,14,0-0,Thibaut Courtois,Juan Bernat,Juan Bernat,Pass (Live),Mauro Icardi,Pass (Live),
2019-09-18,Champions League,Fase de Grupos,Fora,Ángel Di María,Paris Saint Germain,Sim,Perna Esquerda,24,33,1-0,Thibaut Courtois,Idrissa Gana Gueye,Idrissa Gana Gueye,Pass (Live),Marquinhos,Pass (Live),
2019-09-18,Champions League,Fase de Grupos,Fora,Thomas Meunier,Paris Saint Germain,Sim,Perna Direita,9,90+1,2-0,Thibaut Courtois,Juan Bernat,Juan Bernat,Pass (Live),Thomas Meunier,Pass (Live),
2019-10-01,Champions League,Fase de Grupos,Casa,Emmanuel Dennis,Club Brugge,Sim,Perna Esquerda,10,9,0-0,Thibaut Courtois,Percy Tau,Percy Tau,Pass (Live),Hans Vanaken,Pass (Live),
2019-10-01,Champions League,Fase de Grupos,Casa,Emmanuel Dennis,Club Brugge,Sim,Perna Direita,16,39,1-0,Thibaut Courtois,,,,,,
2019-10-05,La Liga,Rodada 8,Casa,Darwin Machís,Granada,Sim,Perna Direita,13,69,0-3,Alphonse Areola,,Carlos Fernández,Fouled,Carlos Fernández,Tackle,
2019-10-05,La Liga,Rodada 8,Casa,Domingos Duarte,Granada,Sim,Perna Esquerda,5,77,1-3,Alphonse Areola,Víctor Díaz,Víctor Díaz,Chute,,,
2019-10-19,La Liga,Rodada 9,Fora,Lago Junior,Mallorca,Sim,Perna Direita,17,7,0-0,Thibaut Courtois,Aleix Febas,Aleix Febas,Pass (Live),Dani Rodríguez,Pass (Live),
2019-11-23,La Liga,Rodada 14,Casa,Willian José,Real Sociedad,Sim,Perna Esquerda,10,2,0-0,Thibaut Courtois,,Willian José,Take-On,,,
2019-11-26,Champions League,Fase de Grupos,Casa,Kylian Mbappé,Paris Saint Germain,Sim,Perna Esquerda,2,81,0-2,Thibaut Courtois,,Pablo Sarabia,Pass (Live),Thomas Meunier,Pass (Live),
2019-11-26,Champions League,Fase de Grupos,Casa,Pablo Sarabia,Paris Saint Germain,Não,Perna Esquerda,16,83,1-2,Thibaut Courtois,,Julian Draxler,Chute,,,
2019-11-30,La Liga,Rodada 15,Fora,Lucas Pérez,Alavés,Sim,Perna Esquerda,13,65,0-1,Alphonse Areola,,Joselu,Fouled,Oliver Burke,Take-On,
2019-12-11,Champions League,Fase de Grupos,Fora,Hans Vanaken,Club Brugge,Sim,Perna Direita,15,55,0-1,Alphonse Areola,Emmanuel Dennis,Emmanuel Dennis,Pass (Live),Emmanuel Dennis,Interception,
2019-12-15,La Liga,Rodada 17,Fora,Carlos Soler,Valencia,Sim,Perna Direita,8,78,0-0,Thibaut Courtois,Daniel Wass,Daniel Wass,Pass (Live),Rodrigo,Pass (Live),
2020-01-08,Supercopa de España,Semi-Finais,Fora,Daniel Parejo,Valencia,Sim/Capitão,,,90+2,0-3,Thibaut Courtois,,,,,,
2020-01-18,La Liga,Rodada 20,Casa,Luuk de Jong,Sevilla,Sim,Perna Esquerda,18,64,0-1,Thibaut Courtois,Munir El Haddadi,Luuk de Jong,Take-On,Luuk de Jong,Pass (Live),
2020-01-22,Copa del Rey,Play-Offs das Oitavas,Fora,Álvaro Romero,Unionistas Sal,Não,,,57,0-1,Alphonse Areola,,,,,,
2020-02-06,Copa del Rey,Quartas de Finais,Casa,Martin Ødegaard,Real Sociedad,Sim,,,22,0-0,Alphonse Areola,,,,,,
2020-02-06,Copa del Rey,Quartas de Finais,Casa,Alexander Isak,Real Sociedad,Sim,,,54,1-0,Alphonse Areola,Ander Barrenetxea,,,,,
2020-02-06,Copa del Rey,Quartas de Finais,Casa,Alexander Isak,Real Sociedad,Sim,,,56,2-0,Alphonse Areola,,,,,,
2020-02-06,Copa del Rey,Quartas de Finais,Casa,Mikel Merino,Real Sociedad,Sim,,,69,3-1,Alphonse Areola,Alexander Isak,,,,,
2020-02-09,La Liga,Rodada 23,Fora,Unai García,Osasuna,Sim,Cabeça,13,14,0-0,Thibaut Courtois,Rubén García,Rubén García,Pass (Dead),Pervis Estupiñán,Chute,
2020-02-16,La Liga,Rodada 24,Casa,Fyodor Smolov,Celta Vigo,Sim,Perna Direita,18,7,0-0,Thibaut Courtois,Iago Aspas,Iago Aspas,Pass (Live),Filip Bradarić,Pass (Live),
2020-02-16,La Liga,Rodada 24,Casa,Santi Mina,Celta Vigo,Não,Perna Direita,11,85,1-2,Thibaut Courtois,Denis Suárez,Denis Suárez,Pass (Live),Rafinha,Pass (Live),
2020-02-22,La Liga,Rodada 25,Fora,José Luis Morales,Levante,Sim/Capitão,Perna Esquerda,20,79,0-0,Thibaut Courtois,Nikola Vukčević,Nikola Vukčević,Pass (Live),Borja Mayoral,Pass (Live),Volley
2020-02-26,Champions League,Oitavas de Finais,Casa,Gabriel Jesus,Manchester City,Sim,Cabeça,5,78,0-1,Thibaut Courtois,Kevin De Bruyne,Kevin De Bruyne,Pass (Live),Raheem Sterling,Pass (Live),Deflected
2020-02-26,Champions League,Oitavas de Finais,Casa,Kevin De Bruyne,Manchester City,Sim/Capitão,Perna Direita,13,83,1-1,Thibaut Courtois,,Raheem Sterling,Fouled,Kevin De Bruyne,Pass (Live),
2020-03-08,La Liga,Rodada 27,Fora,Sidnei,Real Betis,Sim,Perna Direita,16,40,0-0,Thibaut Courtois,Nabil Fekir,,,,,
2020-03-08,La Liga,Rodada 27,Fora,Cristian Tello,Real Betis,Não,Perna Direita,17,82,1-1,Thibaut Courtois,Andrés Guardado,Andrés Guardado,Pass (Live),Andrés Guardado,Take-On,
2020-06-14,La Liga,Rodada 28,Casa,Pedro Bigas,Eibar,Não,Outros,8,60,0-3,Thibaut Courtois,Pablo de Blasis,Pablo de Blasis,Chute,,,
2020-06-21,La Liga,Rodada 30,Fora,Mikel Merino,Real Sociedad,Sim,Perna Esquerda,10,83,0-2,Thibaut Courtois,Roberto López,Roberto López,Pass (Live),Aritz Elustondo,Pass (Live),
2020-07-13,La Liga,Rodada 36,Fora,Darwin Machís,Granada,Sim,Perna Esquerda,11,50,0-2,Thibaut Courtois,Yangel Herrera,Yangel Herrera,Pass (Live),Carlos Fernández,Tackle,
2020-07-16,La Liga,Rodada 37,Casa,Vicente Iborra,Villarreal,Não,Cabeça,14,83,0-2,Thibaut Courtois,Mario Gaspar,Mario Gaspar,Pass (Live),Santi Cazorla,Pass (Live),
2020-07-19,La Liga,Rodada 38,Fora,Bryan Gil,Leganés,Sim,Perna Esquerda,8,45+1,0-1,Alphonse Areola,Jonathan Silva,Jonathan Silva,Pass (Live),Roberto Rosales,Pass (Live),
2020-07-19,La Liga,Rodada 38,Fora,Roger Assalé,Leganés,Não,Perna Esquerda,9,78,1-2,Alphonse Areola,Jonathan Silva,Jonathan Silva,Pass (Live),Bryan Gil,Pass (Dead),
2020-08-07,Champions League,Oitavas de Finais,Fora,Raheem Sterling,Manchester City,Sim,Perna Direita,9,9,0-0,Thibaut Courtois,Gabriel Jesus,Gabriel Jesus,Pass (Live),Gabriel Jesus,Tackle,
2020-08-07,Champions League,Oitavas de Finais,Fora,Gabriel Jesus,Manchester City,Sim,Perna Esquerda,12,68,1-1,Thibaut Courtois,,,,,,
2018-08-15,Super Copa da Uefa,Final da Super Copa da UEFA,Neutral,Diego Costa,Atlético Madrid,Sim,,,1,0-0,Keylor Navas,Diego Godín,,,,,
2018-08-15,Super Copa da Uefa,Final da Super Copa da UEFA,Neutral,Diego Costa,Atlético Madrid,Sim,,,79,1-2,Keylor Navas,Ángel Correa,,,,,
2018-08-15,Super Copa da Uefa,Final da Super Copa da UEFA,Neutral,Saúl Ñíguez,Atlético Madrid,Sim,,,98,2-2,Keylor Navas,Thomas Partey,,,,,
2018-08-15,Super Copa da Uefa,Final da Super Copa da UEFA,Neutral,Koke,Atlético Madrid,Sim,,,104,3-2,Keylor Navas,Vitolo,,,,,
2018-08-26,La Liga,Rodada 2,Fora,Borja García,Girona,Sim,Perna Direita,15,16,0-0,Keylor Navas,,Anthony Lozano,Chute,,,
2018-09-01,La Liga,Rodada 3,Casa,Guido Carrillo,Leganés,Sim,Perna Direita,13,24,0-1,Thibaut Courtois,,Javier Eraso,Fouled,Michael Santos,Pass (Live),
2018-09-15,La Liga,Rodada 4,Fora,Iker Muniain,Athletic Club,Sim,Perna Direita,0,32,0-0,Thibaut Courtois,,Iñaki Williams,Chute,,,
2018-09-26,La Liga,Rodada 6,Fora,André Silva,Sevilla,Sim,Perna Direita,10,17,0-0,Thibaut Courtois,Jesús Navas,Jesús Navas,Pass (Live),Pablo Sarabia,Pass (Live),
2018-09-26,La Liga,Rodada 6,Fora,André Silva,Sevilla,Sim,Perna Direita,15,21,1-0,Thibaut Courtois,,Jesús Navas,Chute,,,
2018-09-26,La Liga,Rodada 6,Fora,Wissam Ben Yedder,Sevilla,Sim,Perna Direita,10,39,2-0,Thibaut Courtois,Franco Vázquez,Franco Vázquez,Pass (Live),Pablo Sarabia,Pass (Live),Volley
2018-10-02,Champions League,Fase de Grupos,Fora,Nikola Vlašić,CSKA Moscow,Sim,Perna Esquerda,16,2,0-0,Keylor Navas,,,,,,
2018-10-06,La Liga,Rodada 8,Fora,Manu García,Alavés,Não,Cabeça,2,90+5,0-0,Thibaut Courtois,,Rubén Sobrino,Chute,,,
2018-10-20,La Liga,Rodada 9,Casa,José Luis Morales,Levante,Sim/Capitão,Perna Direita,10,6,0-0,Thibaut Courtois,Sergio Postigo,José Luis Morales,Take-On,Sergio Postigo,Pass (Live),
2018-10-20,La Liga,Rodada 9,Casa,Roger Martí,Levante,Sim,Perna Direita,13,13,1-0,Thibaut Courtois,,,Fouled,Toño,Pass (Live),
2018-10-23,Champions League,Fase de Grupos,Casa,Patrik Hrošovský,Viktoria Plzeň,Sim,Perna Direita,20,79,0-2,Keylor Navas,Aleš Čermák,Aleš Čermák,Pass (Live),Patrik Hrošovský,Pass (Live),
2018-10-28,La Liga,Rodada 10,Fora,Philippe Coutinho,Barcelona,Sim,Perna Esquerda,11,11,0-0,Thibaut Courtois,Jordi Alba,Jordi Alba,Pass (Live),Ivan Rakitić,Pass (Live),
2018-10-28,La Liga,Rodada 10,Fora,Luis Suárez,Barcelona,Sim,Perna Direita,13,30,1-0,Thibaut Courtois,,Luis Suárez,Fouled,Jordi Alba,Pass (Live),
2018-10-28,La Liga,Rodada 10,Fora,Luis Suárez,Barcelona,Sim,Cabeça,17,75,2-1,Thibaut Courtois,Sergi Roberto,Sergi Roberto,Pass (Live),Ousmane Dembélé,Pass (Live),
2018-10-28,La Liga,Rodada 10,Fora,Luis Suárez,Barcelona,Sim,Perna Direita,13,83,3-1,Thibaut Courtois,Sergi Roberto,Sergi Roberto,Pass (Live),Marc-André ter Stegen,Pass (Dead),
2018-10-28,La Liga,Rodada 10,Fora,Arturo Vidal,Barcelona,Não,Cabeça,6,87,4-1,Thibaut Courtois,Ousmane Dembélé,Ousmane Dembélé,Pass (Live),Ousmane Dembélé,Take-On,
2018-11-11,La Liga,Rodada 12,Fora,Hugo Mallo,Celta Vigo,Sim/Capitão,Perna Direita,12,61,0-2,Thibaut Courtois,Brais Méndez,Brais Méndez,Pass (Live),Iago Aspas,Pass (Live),Volley
2018-11-11,La Liga,Rodada 12,Fora,Brais Méndez,Celta Vigo,Sim,Perna Esquerda,19,90+4,1-4,Thibaut Courtois,Iago Aspas,Iago Aspas,Pass (Live),,,Deflected
2018-11-24,La Liga,Rodada 13,Fora,Gonzalo Escalante,Eibar,Sim,Perna Esquerda,3,16,0-0,Thibaut Courtois,,Gonzalo Escalante,Chute,,,
2018-11-24,La Liga,Rodada 13,Fora,Sergi Enrich,Eibar,Sim,Perna Direita,14,52,1-0,Thibaut Courtois,Marc Cucurella,Marc Cucurella,Pass (Live),Marc Cucurella,Tackle,
2018-11-24,La Liga,Rodada 13,Fora,Kiké,Eibar,Sim,Perna Direita,5,57,2-0,Thibaut Courtois,Sergi Enrich,Marc Cucurella,Pass (Live),Gonzalo Escalante,Pass (Live),
2018-12-06,Copa del Rey,Play-Offs das Oitavas,Casa,Yacine Qasmi,Melilla,Sim,,,81,0-5,Keylor Navas,,,,,,
2018-12-12,Champions League,Fase de Grupos,Casa,Fyodor Chalov,CSKA Moscow,Sim,Perna Esquerda,18,37,0-0,Thibaut Courtois,Arnór Sigurðsson,Arnór Sigurðsson,Pass (Live),Arnór Sigurðsson,Take-On,
2018-12-12,Champions League,Fase de Grupos,Casa,Georgi Shchennikov,CSKA Moscow,Sim,Perna Esquerda,10,43,1-0,Thibaut Courtois,Mário Fernandes,Mário Fernandes,Chute,,,Volley
2018-12-12,Champions League,Fase de Grupos,Casa,Arnór Sigurðsson,CSKA Moscow,Sim,Perna Direita,17,73,2-0,Thibaut Courtois,Nikola Vlašić,Nikola Vlašić,Pass (Live),Fyodor Chalov,Pass (Live),
2019-01-03,La Liga,Rodada 17,Fora,Santi Cazorla,Villarreal,Sim,Perna Direita,17,4,0-0,Thibaut Courtois,Samuel Chukwueze,Samuel Chukwueze,Pass (Live),Samuel Chukwueze,Take-On,
2019-01-03,La Liga,Rodada 17,Fora,Santi Cazorla,Villarreal,Sim,Cabeça,3,82,1-2,Thibaut Courtois,Pablo Fornals,Pablo Fornals,Pass (Live),Jaume Costa,Pass (Live),
2019-01-06,La Liga,Rodada 18,Casa,Willian José,Real Sociedad,Sim,Perna Direita,13,3,0-0,Thibaut Courtois,,Mikel Merino,Fouled,Mikel Merino,Take-On,
2019-01-06,La Liga,Rodada 18,Casa,Rubén Pardo,Real Sociedad,Não,Cabeça,9,83,1-0,Thibaut Courtois,Willian José,Willian José,Pass (Live),Asier Illarramendi,Pass (Live),
2019-01-13,La Liga,Rodada 19,Fora,Sergio Canales,Real Betis,Sim,Perna Esquerda,13,67,0-1,Keylor Navas,Giovani Lo Celso,Giovani Lo Celso,Pass (Live),William Carvalho,Pass (Live),
2019-01-16,Copa del Rey,Oitavas de Finais,Fora,Martin Braithwaite,Leganés,Sim,,,30,0-0,Keylor Navas,,,,,,
2019-01-24,Copa del Rey,Quartas de Finais,Casa,Anthony Lozano,Girona,Sim,,,7,0-0,Thibaut Courtois,Raúl García,,,,,
2019-01-24,Copa del Rey,Quartas de Finais,Casa,Álex Granell,Girona,Sim/Capitão,,,66,1-2,Thibaut Courtois,,,,,,
2019-01-27,La Liga,Rodada 21,Fora,Léo Baptistão,Espanyol,Sim,Perna Direita,11,25,0-2,Thibaut Courtois,,Dídac Vilà,Chute,,,
2019-01-27,La Liga,Rodada 21,Fora,Roberto Rosales,Espanyol,Não,Perna Direita,11,81,1-4,Thibaut Courtois,Marc Roca,Marc Roca,Pass (Live),Javi López,Pass (Live),Volley
2019-01-31,Copa del Rey,Quartas de Finais,Fora,Pedro Porro,Girona,Sim,,,71,0-2,Keylor Navas,Alejandro Pachón,,,,,
2019-02-06,Copa del Rey,Semi-Finais,Fora,Malcom,Barcelona,Sim,,,57,0-1,Keylor Navas,,,,,,
2019-02-09,La Liga,Rodada 23,Fora,Antoine Griezmann,Atlético Madrid,Sim,Perna Esquerda,17,25,0-1,Thibaut Courtois,Ángel Correa,Ángel Correa,Pass (Live),,,
2019-02-13,Champions League,Oitavas de Finais,Fora,Hakim Ziyech,Ajax,Sim,Perna Esquerda,12,75,0-1,Thibaut Courtois,David Neres,David Neres,Pass (Live),Dušan Tadić,Pass (Live),
2019-02-17,La Liga,Rodada 24,Casa,Cristhian Stuani,Girona,Sim,Perna Direita,13,65,0-1,Thibaut Courtois,,,Fouled,Douglas Luiz,Chute,
2019-02-17,La Liga,Rodada 24,Casa,Portu,Girona,Sim,Cabeça,6,75,1-1,Thibaut Courtois,,Anthony Lozano,Chute,,,
2019-02-24,La Liga,Rodada 25,Fora,Roger Martí,Levante,Sim,Perna Direita,10,60,0-1,Thibaut Courtois,José Luis Morales,José Luis Morales,Pass (Live),Antonio Luna,Pass (Live),
2019-02-27,Copa del Rey,Semi-Finais,Casa,Luis Suárez,Barcelona,Sim,,,50,0-0,Keylor Navas,Ousmane Dembélé,,,,,
2019-02-27,Copa del Rey,Semi-Finais,Casa,Raphaël Varane (OG),Barcelona,Sim,,,69,1-0,Keylor Navas,,,,,,Own Goal
2019-02-27,Copa del Rey,Semi-Finais,Casa,Luis Suárez,Barcelona,Sim,,,73,2-0,Keylor Navas,,,,,,
2019-03-02,La Liga,Rodada 26,Casa,Ivan Rakitić,Barcelona,Sim,Perna Direita,13,26,0-0,Thibaut Courtois,Sergi Roberto,Sergi Roberto,Pass (Live),Ivan Rakitić,Pass (Live),
2019-03-05,Champions League,Oitavas de Finais,Casa,Hakim Ziyech,Ajax,Sim,Perna Esquerda,15,7,0-0,Thibaut Courtois,Dušan Tadić,Dušan Tadić,Pass (Live),Hakim Ziyech,Tackle,
2019-03-05,Champions League,Oitavas de Finais,Casa,David Neres,Ajax,Sim,Perna Direita,5,18,1-0,Thibaut Courtois,Dušan Tadić,Dušan Tadić,Pass (Live),Dušan Tadić,Take-On,
2019-03-05,Champions League,Oitavas de Finais,Casa,Dušan Tadić,Ajax,Sim,Perna Esquerda,17,62,2-0,Thibaut Courtois,Donny van de Beek,Donny van de Beek,Pass (Live),Nicolás Tagliafico,Pass (Live),
2019-03-05,Champions League,Oitavas de Finais,Casa,Lasse Schöne,Ajax,Sim,Perna Direita,29,72,3-1,Thibaut Courtois,,Dušan Tadić,Fouled,Nicolás Tagliafico,Pass (Dead),
2019-03-10,La Liga,Rodada 27,Fora,Anuar,Valladolid,Sim,Perna Esquerda,3,29,0-0,Thibaut Courtois,Sergi Guardiola,Sergi Guardiola,Pass (Live),Keko,Pass (Live),
2019-03-31,La Liga,Rodada 29,Casa,Cucho,Huesca,Sim,Perna Direita,11,3,0-0,Luca Zidane,Ezequiel Ávila,Ezequiel Ávila,Pass (Live),Cucho,Pass (Live),
2019-03-31,La Liga,Rodada 29,Casa,Xabier Etxeita,Huesca,Sim/Capitão,Cabeça,8,74,1-2,Luca Zidane,Moi Gómez,Moi Gómez,Pass (Live),Damián Musto,Pass (Live),Deflected
2019-04-03,La Liga,Rodada 30,Fora,Gonçalo Guedes,Valencia,Sim,Perna Direita,15,35,0-0,Keylor Navas,Carlos Soler,Carlos Soler,Pass (Live),Gonçalo Guedes,Pass (Live),
2019-04-03,La Liga,Rodada 30,Fora,Ezequiel Garay,Valencia,Sim,Cabeça,8,83,1-0,Keylor Navas,Daniel Parejo,Daniel Parejo,Pass (Dead),Daniel Parejo,Fouled,
2019-04-06,La Liga,Rodada 31,Casa,Marc Cardona,Eibar,Sim,Perna Direita,6,39,0-0,Keylor Navas,Gonzalo Escalante,Gonzalo Escalante,Pass (Live),Marc Cucurella,Pass (Live),
2019-04-15,La Liga,Rodada 32,Fora,Jonathan Silva,Leganés,Sim,Perna Esquerda,21,45,0-0,Keylor Navas,Martin Braithwaite,Martin Braithwaite,Pass (Live),Guido Carrillo,Pass (Live),
2019-04-28,La Liga,Rodada 35,Fora,Adri Embarba,Rayo Vallecano,Sim,Perna Direita,13,23,0-0,Thibaut Courtois,,Javi Guerra,Fouled,Mario Suárez,Pass (Live),
2019-05-05,La Liga,Rodada 36,Casa,Gerard Moreno,Villarreal,Sim,Perna Esquerda,20,11,0-1,Thibaut Courtois,Álvaro González,Álvaro González,Tackle,,,
2019-05-05,La Liga,Rodada 36,Casa,Jaume Costa,Villarreal,Não,Perna Esquerda,17,90+4,1-3,Thibaut Courtois,Gerard Moreno,Gerard Moreno,Pass (Live),Gerard Moreno,Take-On,
2019-05-12,La Liga,Rodada 37,Fora,Mikel Merino,Real Sociedad,Sim,Perna Esquerda,13,26,0-1,Thibaut Courtois,Willian José,Willian José,Pass (Live),Igor Zubeldia,Pass (Live),
2019-05-12,La Liga,Rodada 37,Fora,Joseba Zaldúa,Real Sociedad,Sim,Cabeça,13,57,1-1,Thibaut Courtois,Rubén Pardo,Rubén Pardo,Pass (Live),Ander Barrenetxea,Pass (Live),
2019-05-12,La Liga,Rodada 37,Fora,Ander Barrenetxea,Real Sociedad,Sim,Perna Direita,15,67,2-1,Thibaut Courtois,,Mikel Oyarzabal,Chute,,,
2019-05-19,La Liga,Rodada 38,Casa,Loren Morón,Real Betis,Sim,Perna Direita,8,61,0-0,Keylor Navas,Andrés Guardado,Andrés Guardado,Pass (Live),Giovani Lo Celso,Pass (Live),
2019-05-19,La Liga,Rodada 38,Casa,Jesé,Real Betis,Não,Perna Esquerda,7,75,1-0,Keylor Navas,Junior Firpo,Junior Firpo,Pass (Live),Giovani Lo Celso,Pass (Live),