Jogadores,Nacionalidade,Posição,Idade,Desarmes,Desarmes que Geram Posse,Desarmes no Terço Defensivo,Desarmes no Terço Central,Desarmes no Terço Ofensivo,Desarmes de Dribladores,Tentativas de Desarme de Drible,Desarmes Perdidos,Bloqueios,Chutes Bloqueados,Passes Bloqueados,Interceptação,Afastamentos,Erros que Geram Chute,Temporada
Federico Valverde,Uruguai,"Meio Campista, Defensor",26,75,53,34,33,8,43,71,28,54,14,40,88,82,1,2025
Kylian Mbappé,França,Atacante,25,15,11,2,7,6,6,12,6,3,0,3,3,2,1,2025
Jude Bellingham,Inglaterra,Meio Campista,21,89,60,28,38,23,39,68,29,50,3,47,44,37,1,2025
Aurélien Tchouaméni,França,"Meio Campista, Defensor",24,70,47,36,27,7,29,50,21,50,35,15,74,109,1,2025
Thibaut Courtois,Bélgica,Goleiro,32,0,0,0,0,0,0,0,0,0,0,0,1,20,1,2025
Antonio Rüdiger,Alemanha,Defensor,31,33,25,26,6,1,21,28,7,30,17,13,17,152,1,2025
Vinicius Júnior,Brasil,Atacante,24,35,23,11,9,15,8,28,20,14,0,14,9,1,2,2025
Rodrygo,Brasil,"Meio Campista, Atacante",23,39,30,21,11,7,13,38,25,30,2,28,21,16,0,2025
Lucas Vázquez,Espanha,Defensor,33,71,56,37,24,10,31,58,27,28,6,22,31,48,2,2025
Raúl Asencio,Espanha,Defensor,21,34,39,29,5,0,15,23,8,18,12,6,23,112,2,2025
Fran Garcia,Espanha,Defensor,24,59,45,33,19,7,32,56,24,29,5,24,39,75,1,2025
Luka Modrić,Cróacia,Meio Campista,38,42,28,20,19,3,18,45,27,19,6,13,44,25,0,2025
Ferland Mendy,França,Defensor,29,25,21,13,8,4,15,18,3,18,7,11,13,18,1,2025
Brahim Díaz,Marrocos,"Atacante, Meio Campista",24,33,27,13,15,5,11,27,16,17,1,16,11,3,1,2025
Eduardo Camavinga,França,Meio Campista,21,68,57,40,21,7,29,48,19,33,10,23,30,41,0,2025
Dani Ceballos,Espanha,Meio Campista,27,57,33,26,23,8,29,56,27,21,5,16,18,18,2,2025
Arda Güler,Turquia,"Meio Campista, Atacante",19,32,23,11,9,12,10,28,18,20,0,20,12,9,0,2025
Andriy Lunin,Ucrânia,Goleiro,25,1,0,1,0,0,0,0,0,0,0,0,0,3,0,2025
Éder Militão,Brasil,Defensor,26,22,21,16,6,0,7,12,5,18,11,7,17,40,0,2025
Dani Carvajal,Espanha,Defensor,32,19,15,10,4,5,11,15,4,10,5,5,15,21,1,2025
Endrick,Brasil,Atacante,18,3,2,2,0,1,2,5,3,2,0,2,6,1,0,2025
David Alaba,Áustria,Defensor,32,3,2,3,0,0,1,2,1,8,6,2,8,11,0,2025
Jacobo Ramón,Espanha,Defensor,19,7,4,4,3,0,2,2,0,2,0,2,4,9,2,2025
Jesús Vallejo,Espanha,Defensor,27,0,0,0,0,0,0,0,0,0,0,0,2,8,0,2025
Diego Aguado,Espanha,Defensor,17,,0,,,,,,,,,,1,,,2025
Fran,Espanha,Goleiro,19,0,0,0,0,0,0,0,0,0,0,0,0,2,0,2025
Lorenzo Aguado,Espanha,Defensor,21,0,0,0,0,0,0,0,0,0,0,0,1,2,0,2025
Gonzalo García,Espanha,Meio Campista,20,0,0,0,0,0,0,0,0,1,0,1,0,0,0,2025
Chema,Espanha,Meio Campista,19,0,0,0,0,0,0,0,0,0,0,0,0,1,0,2025
Víctor Muñoz,Espanha,"Atacante, Defensor",21,0,0,0,0,0,0,0,0,0,0,0,0,0,0,2025
Daniel Yáñez,Espanha,Meio Campista,17,0,0,0,0,0,0,0,0,0,0,0,0,0,0,2025
Federico Valverde,Uruguai,"Meio Campista, Atacante",25,68,51,34,19,15,34,62,28,52,6,46,60,58,0,2024
Antonio Rüdiger,Alemanha,Defensor,30,37,21,27,6,4,23,29,6,48,39,9,15,124,0,2024
Rodrygo,Brasil,Atacante,22,24,20,5,11,8,7,31,24,27,1,26,10,8,0,2024
Jude Bellingham,Inglaterra,"Meio Campista, Atacante",20,62,50,22,25,15,17,48,31,62,7,55,30,24,0,2024
Dani Carvajal,Espanha,Defensor,31,71,54,41,26,4,34,60,26,45,16,29,32,81,4,2024
Toni Kroos,Alemanha,Meio Campista,33,74,49,29,34,11,34,83,49,26,4,22,31,20,1,2024
Nacho,Espanha,Defensor,33,28,19,15,11,2,9,21,12,27,16,11,30,88,0,2024
Vinicius Júnior,Brasil,Atacante,23,26,19,10,8,8,4,15,11,20,1,19,3,4,2,2024
Andriy Lunin,Ucrânia,Goleiro,24,0,0,0,0,0,0,2,2,0,0,0,0,21,2,2024
Ferland Mendy,França,Defensor,28,29,20,22,5,2,21,28,7,22,3,19,21,42,1,2024
Eduardo Camavinga,França,Meio Campista,20,101,62,52,35,14,33,59,26,57,14,43,40,49,1,2024
Aurélien Tchouaméni,França,"Meio Campista, Defensor",23,47,30,25,20,2,11,26,15,30,19,11,43,64,1,2024
Luka Modrić,Cróacia,Meio Campista,37,28,21,13,8,7,13,31,18,13,4,9,27,15,1,2024
Joselu,Espanha,Atacante,33,7,3,2,4,1,0,7,7,11,1,10,7,15,0,2024
Brahim Díaz,Marrocos,"Meio Campista, Atacante",23,37,25,6,20,11,7,15,8,17,2,15,6,2,0,2024
Lucas Vázquez,Espanha,Defensor,32,42,30,24,17,1,19,31,12,29,5,24,13,39,0,2024
Kepa Arrizabalaga,Espanha,Goleiro,28,0,1,0,0,0,0,1,1,0,0,0,0,4,0,2024
Fran Garcia,Espanha,Defensor,23,26,20,12,12,2,14,35,21,17,3,14,21,34,1,2024
David Alaba,Áustria,Defensor,31,14,10,7,6,1,5,9,4,11,8,3,18,43,1,2024
Dani Ceballos,Espanha,Meio Campista,26,13,7,5,6,2,6,18,12,10,2,8,5,6,1,2024
Éder Militão,Brasil,Defensor,25,8,4,5,3,0,6,9,3,4,3,1,4,23,1,2024
Arda Güler,Turquia,Meio Campista,18,6,4,1,3,2,5,8,3,0,0,0,3,5,0,2024
Thibaut Courtois,Bélgica,Goleiro,31,1,0,1,0,0,0,1,1,0,0,0,0,0,0,2024
Nicolás Paz,Argentina,Meio Campista,18,2,2,1,1,0,1,2,1,6,0,6,1,1,0,2024
Álvaro Carrillo,Espanha,Defensor,21,,2,,,,,,,,,,2,,,2024
Vinicius Tobias,Brasil,Defensor,19,,1,,,,,,,,,,0,,,2024
Mario Martín,Espanha,Meio Campista,19,5,1,0,2,3,3,4,1,2,1,1,0,0,0,2024
Gonzalo García,Espanha,Meio Campista,19,0,0,0,0,0,0,1,1,1,1,0,0,1,0,2024
Álvaro Rodríguez,Uruguai,Atacante,19,0,0,0,0,0,0,0,0,0,0,0,0,1,0,2024
Vinicius Júnior,Brasil,Atacante,22,40,36,17,15,8,18,51,33,32,1,31,8,2,0,2023
Thibaut Courtois,Bélgica,Goleiro,30,2,1,2,0,0,1,3,2,0,0,0,3,10,2,2023
Éder Militão,Brasil,Defensor,24,56,45,32,21,3,34,46,12,78,46,32,63,141,2,2023
Federico Valverde,Uruguai,"Meio Campista, Atacante",24,49,35,20,18,11,22,46,24,48,5,43,35,28,0,2023
Rodrygo,Brasil,Atacante,21,24,17,6,10,8,7,31,24,36,4,32,19,11,0,2023
Antonio Rüdiger,Alemanha,Defensor,29,28,26,17,10,1,20,29,9,30,15,15,29,100,0,2023
Toni Kroos,Alemanha,Meio Campista,32,77,57,27,45,5,34,87,53,30,6,24,36,13,0,2023
Karim Benzema,França,Atacante,34,11,9,3,4,4,2,12,10,16,0,16,2,13,0,2023
Eduardo Camavinga,França,"Meio Campista, Defensor",19,94,87,49,27,18,35,96,61,36,5,31,29,36,0,2023
Dani Carvajal,Espanha,Defensor,30,50,35,25,18,7,28,54,26,39,10,29,25,69,0,2023
Luka Modrić,Cróacia,Meio Campista,36,23,17,8,7,8,12,30,18,17,6,11,22,14,0,2023
David Alaba,Áustria,Defensor,30,23,16,10,9,4,14,27,13,30,17,13,23,49,1,2023
Aurélien Tchouaméni,França,Meio Campista,22,74,48,27,41,6,28,43,15,25,6,19,59,53,0,2023
Nacho,Espanha,Defensor,32,33,27,22,9,2,16,41,25,16,10,6,45,53,0,2023
Ferland Mendy,França,Defensor,27,24,17,16,6,2,15,23,8,8,2,6,18,20,0,2023
Marco Asensio,Espanha,"Atacante, Meio Campista",26,17,10,8,7,2,9,21,12,12,3,9,11,7,0,2023
Dani Ceballos,Espanha,Meio Campista,25,47,33,13,19,15,26,65,39,29,2,27,32,6,1,2023
Lucas Vázquez,Espanha,Defensor,31,38,27,23,13,2,20,32,12,11,0,11,11,17,0,2023
Andriy Lunin,Ucrânia,Goleiro,23,0,0,0,0,0,0,0,0,0,0,0,0,2,0,2023
Eden Hazard,Bélgica,"Atacante, Meio Campista",31,0,0,0,0,0,0,3,3,2,0,2,3,0,0,2023
Mariano,República Dominicana,Atacante,28,1,0,0,1,0,0,0,0,1,0,1,0,0,0,2023
Álvaro Rodríguez,Uruguai,Atacante,18,2,2,1,0,1,1,1,0,0,0,0,0,1,0,2023
Casemiro,Brasil,Meio Campista,30,0,0,0,0,0,0,0,0,0,0,0,0,1,0,2023
Álvaro Odriozola,Espanha,Defensor,26,0,2,0,0,0,0,0,0,0,0,0,1,0,0,2023
Jesús Vallejo,Espanha,Defensor,25,2,3,1,0,1,2,2,0,1,1,0,0,2,0,2023
Sergio Arribas,Espanha,Meio Campista,20,0,0,0,0,0,0,0,0,1,0,1,0,0,0,2023
Mario Martín,Espanha,Meio Campista,18,,0,,,,,,,,,,1,,,2023
Thibaut Courtois,Bélgica,Goleiro,29,1,0,1,0,0,1,2,1,0,0,0,0,12,2,2022
Éder Militão,Brasil,Defensor,23,75,47,49,17,9,36,70,34,61,35,26,86,140,5,2022
Vinicius Júnior,Brasil,Atacante,21,67,40,30,26,11,21,67,46,35,0,35,10,7,0,2022
David Alaba,Áustria,Defensor,29,39,24,26,10,3,14,26,12,34,23,11,37,98,2,2022
Casemiro,Brasil,Meio Campista,29,109,76,61,42,6,41,97,56,82,24,58,65,85,3,2022
Karim Benzema,França,Atacante,33,14,13,5,5,4,2,16,14,21,0,21,5,24,0,2022
Luka Modrić,Cróacia,Meio Campista,35,33,19,13,13,7,13,47,34,15,5,10,41,14,0,2022
Toni Kroos,Alemanha,Meio Campista,31,57,46,22,30,5,21,58,37,22,5,17,20,16,1,2022
Federico Valverde,Uruguai,"Meio Campista, Atacante",23,56,29,20,24,12,19,50,31,40,7,33,35,25,0,2022
Ferland Mendy,França,Defensor,26,35,24,18,14,3,16,23,7,18,5,13,25,46,3,2022
Dani Carvajal,Espanha,Defensor,29,59,41,32,20,7,24,50,26,40,18,22,33,67,2,2022
Nacho,Espanha,Defensor,31,28,23,16,11,1,20,33,13,29,20,9,49,66,0,2022
Lucas Vázquez,Espanha,"Defensor, Atacante",30,54,36,28,13,13,22,44,22,30,8,22,23,47,1,2022
Rodrygo,Brasil,"Atacante, Meio Campista",20,26,21,10,5,11,7,29,22,27,2,25,26,8,0,2022
Marco Asensio,Espanha,"Atacante, Meio Campista",25,16,10,6,7,3,5,23,18,8,1,7,15,7,1,2022
Eduardo Camavinga,França,Meio Campista,18,66,46,25,28,13,25,52,27,27,3,24,21,20,1,2022
Eden Hazard,Bélgica,Atacante,30,7,4,3,3,1,4,10,6,4,0,4,2,0,0,2022
Marcelo,Brasil,Defensor,33,10,9,2,3,5,6,11,5,7,2,5,5,13,0,2022
Luka Jović,Sérvia,Atacante,23,1,1,0,1,0,0,1,1,3,0,3,1,4,0,2022
Isco,Espanha,"Atacante, Meio Campista",29,9,6,4,4,1,5,12,7,1,0,1,2,1,0,2022
Mariano,República Dominicana,Atacante,27,2,0,2,0,0,0,0,0,2,0,2,1,3,0,2022
Andriy Lunin,Ucrânia,Goleiro,22,0,0,0,0,0,0,0,0,0,0,0,0,2,0,2022
Jesús Vallejo,Espanha,Defensor,24,7,5,7,0,0,5,6,1,9,8,1,7,17,0,2022
Dani Ceballos,Espanha,"Meio Campista, Atacante",24,12,6,7,5,0,3,11,8,8,2,6,5,3,0,2022
Miguel Gutiérrez,Espanha,Defensor,20,8,5,6,0,2,4,6,2,0,0,0,2,2,0,2022
Gareth Bale,País de Gales,Atacante,32,2,1,1,0,1,1,4,3,2,0,2,2,1,0,2022
Antonio Blanco,Espanha,Meio Campista,21,2,0,1,1,0,0,0,0,1,1,0,1,0,0,2022
Peter González,República Dominicana,"Meio Campista, Defensor",19,0,0,0,0,0,0,0,0,0,0,0,1,0,0,2022
Mario Gila,Espanha,Defensor,20,1,0,1,0,0,0,1,1,0,0,0,1,1,0,2022
Sergio Santos,Espanha,Defensor,20,0,0,0,0,0,0,0,0,0,0,0,0,0,0,2022
Juanmi Latasa,Espanha,Atacante,20,0,0,0,0,0,0,0,0,0,0,0,0,0,0,2022
Thibaut Courtois,Bélgica,Goleiro,28,0,0,0,0,0,0,2,2,1,0,1,1,21,2,2021
Casemiro,Brasil,Meio Campista,28,107,65,61,42,4,41,98,57,68,20,48,91,74,0,2021
Karim Benzema,França,Atacante,32,16,8,5,7,4,7,18,11,12,3,9,10,26,0,2021
Luka Modrić,Cróacia,Meio Campista,34,50,30,26,20,4,21,62,41,17,4,13,66,15,1,2021
Raphaël Varane,França,Defensor,27,33,18,24,7,2,12,23,11,31,21,10,50,146,3,2021
Ferland Mendy,França,Defensor,25,39,23,24,11,4,20,41,21,23,5,18,40,46,2,2021
Toni Kroos,Alemanha,Meio Campista,30,61,30,25,23,13,20,70,50,37,8,29,36,13,3,2021
Lucas Vázquez,Espanha,"Defensor, Atacante",29,77,52,36,30,11,31,75,44,24,1,23,28,40,1,2021
Nacho,Espanha,Defensor,30,45,22,25,16,4,23,56,33,27,10,17,52,78,0,2021
Vinicius Júnior,Brasil,Atacante,20,43,31,18,14,11,15,54,39,38,1,37,8,7,0,2021
Marco Asensio,Espanha,Atacante,24,18,12,9,5,4,6,31,25,20,0,20,16,10,0,2021
Federico Valverde,Uruguai,"Meio Campista, Defensor",22,38,26,14,10,14,16,38,22,26,3,23,40,8,0,2021
Sergio Ramos,Espanha,Defensor,34,17,14,10,6,1,8,13,5,14,7,7,27,49,1,2021
Éder Militão,Brasil,Defensor,22,40,20,25,12,3,16,26,10,30,12,18,29,60,0,2021
Marcelo,Brasil,Defensor,32,30,26,11,9,10,15,28,13,14,1,13,11,15,0,2021
Rodrygo,Brasil,"Atacante, Meio Campista",19,22,8,15,6,1,6,26,20,20,0,20,9,6,0,2021
Dani Carvajal,Espanha,Defensor,28,30,21,12,10,8,13,22,9,22,1,21,15,28,0,2021
Isco,Espanha,"Atacante, Meio Campista",28,15,9,6,6,3,4,18,14,9,1,8,6,3,0,2021
Álvaro Odriozola,Espanha,Defensor,24,18,10,8,9,1,4,6,2,7,3,4,7,13,1,2021
Eden Hazard,Bélgica,Atacante,29,3,2,1,2,0,0,3,3,3,0,3,5,0,0,2021
Mariano,República Dominicana,Atacante,26,4,2,2,1,1,0,10,10,4,1,3,0,3,0,2021
Martin Ødegaard,Noruega,Meio Campista,21,3,1,0,2,1,3,6,3,1,0,1,1,1,0,2021
Miguel Gutiérrez,Espanha,"Defensor, Meio Campista",19,4,0,0,3,1,1,7,6,3,0,3,5,5,0,2021
Antonio Blanco,Espanha,Meio Campista,20,7,2,4,2,1,3,7,4,6,2,4,3,5,0,2021
Víctor Chust,Espanha,Defensor,20,1,1,0,1,0,0,2,2,2,2,0,3,5,0,2021
Luka Jović,Sérvia,Atacante,22,1,0,0,0,1,0,0,0,0,0,0,0,0,0,2021
Sergio Arribas,Espanha,Atacante,18,3,1,2,1,0,1,4,3,2,0,2,4,2,0,2021
Marvin,Espanha,Atacante,20,3,2,0,3,0,1,2,1,1,0,1,2,3,0,2021
Andriy Lunin,Ucrânia,Goleiro,21,,0,,,,,,,,,,0,,,2021
Hugo Duro,Espanha,Atacante,20,1,1,0,0,1,1,1,0,1,0,1,0,0,0,2021
Borja Mayoral,Espanha,Atacante,23,0,0,0,0,0,0,1,1,0,0,0,0,0,0,2021
Casemiro,Brasil,Meio Campista,27,119,80,56,55,8,48,120,72,60,11,49,84,81,0,2020
Karim Benzema,França,Atacante,31,22,12,4,14,4,3,18,15,22,4,18,9,34,1,2020
Thibaut Courtois,Bélgica,Goleiro,27,0,0,0,0,0,0,2,2,0,0,0,3,26,3,2020
Raphaël Varane,França,Defensor,26,39,25,20,18,1,15,30,15,38,21,17,47,146,3,2020
Sergio Ramos,Espanha,Defensor,33,49,38,29,17,3,23,48,25,28,14,14,73,119,5,2020
Dani Carvajal,Espanha,Defensor,27,80,60,40,31,9,32,60,28,57,21,36,47,68,0,2020
Toni Kroos,Alemanha,Meio Campista,29,71,44,23,35,13,24,88,64,31,0,31,34,17,0,2020
Federico Valverde,Uruguai,Meio Campista,21,46,28,11,22,13,15,51,36,46,5,41,37,15,2,2020
Luka Modrić,Cróacia,Meio Campista,33,41,23,9,18,14,17,47,30,11,2,9,30,16,1,2020
Ferland Mendy,França,Defensor,24,40,31,27,10,3,15,24,9,20,5,15,30,34,1,2020
Marcelo,Brasil,Defensor,31,22,16,9,9,4,10,30,20,22,2,20,26,25,0,2020
Vinicius Júnior,Brasil,Atacante,19,31,22,14,10,7,9,34,25,14,0,14,6,2,0,2020
Isco,Espanha,"Meio Campista, Atacante",27,19,14,6,11,2,7,19,12,10,0,10,10,4,1,2020
Eden Hazard,Bélgica,Atacante,28,10,6,3,3,4,4,21,17,5,0,5,9,0,0,2020
Éder Militão,Brasil,Defensor,21,32,22,21,10,1,12,20,8,20,13,7,32,51,0,2020
Rodrygo,Brasil,Atacante,18,12,6,4,6,2,4,25,21,15,0,15,16,7,0,2020
Gareth Bale,País de Gales,"Atacante, Meio Campista",30,9,5,5,2,2,3,15,12,9,2,7,10,10,0,2020
Lucas Vázquez,Espanha,"Atacante, Meio Campista",28,23,20,10,13,0,11,30,19,12,0,12,11,8,1,2020
Luka Jović,Sérvia,Atacante,21,3,2,0,0,3,1,3,2,1,0,1,2,2,0,2020
Alphonse Areola,França,Goleiro,26,0,0,0,0,0,0,0,0,0,0,0,0,0,0,2020
James Rodríguez,Colômbia,Meio Campista,28,18,17,7,8,3,6,15,9,3,0,3,3,2,1,2020
Nacho,Espanha,Defensor,29,13,15,6,5,2,7,11,4,6,3,3,17,18,1,2020
Álvaro Odriozola,Espanha,Defensor,23,5,2,4,0,1,5,8,3,5,1,4,2,11,0,2020
Marco Asensio,Espanha,Atacante,23,4,3,3,1,0,1,4,3,2,0,2,1,4,0,2020
Brahim Díaz,Marrocos,Atacante,19,1,1,0,1,0,0,2,2,2,0,2,1,0,0,2020
Mariano,República Dominicana,"Atacante, Meio Campista",25,0,0,0,0,0,0,1,1,0,0,0,0,0,0,2020
Karim Benzema,França,Atacante,30,26,14,2,12,12,2,18,16,17,1,16,11,33,0,2019
Raphaël Varane,França,Defensor,25,36,24,26,8,2,15,20,5,31,11,20,46,152,1,2019
Sergio Ramos,Espanha,Defensor,32,51,44,35,12,4,29,48,19,32,16,16,64,103,2,2019
Luka Modrić,Cróacia,Meio Campista,32,57,36,14,29,14,18,60,42,21,3,18,48,7,1,2019
Toni Kroos,Alemanha,Meio Campista,28,68,53,21,33,14,19,79,60,29,6,23,27,16,5,2019
Casemiro,Brasil,Meio Campista,26,100,78,52,40,8,43,108,65,67,18,49,64,64,3,2019
Thibaut Courtois,Bélgica,Goleiro,26,0,0,0,0,0,0,2,2,0,0,0,2,7,1,2019
Dani Carvajal,Espanha,Defensor,26,49,42,22,19,8,21,47,26,35,10,25,43,45,2,2019
Marcelo,Brasil,Defensor,30,38,30,19,13,6,17,45,28,24,2,22,26,26,0,2019
Lucas Vázquez,Espanha,"Atacante, Defensor",27,55,52,14,27,14,20,48,28,20,1,19,15,13,0,2019
Nacho,Espanha,Defensor,28,37,31,23,9,5,18,34,16,26,9,17,54,78,1,2019
Gareth Bale,País de Gales,Atacante,29,18,8,6,8,4,7,25,18,21,3,18,16,15,0,2019
Marco Asensio,Espanha,"Atacante, Meio Campista",22,14,12,4,6,4,2,26,24,16,1,15,23,8,0,2019
Keylor Navas,Costa Rica,Goleiro,31,0,0,0,0,0,0,0,0,0,0,0,2,5,0,2019
Dani Ceballos,Espanha,Meio Campista,21,32,33,9,16,7,11,31,20,31,1,30,21,7,0,2019
Álvaro Odriozola,Espanha,Defensor,22,33,34,18,11,4,18,22,4,14,3,11,21,19,1,2019
Sergio Reguilón,Espanha,Defensor,21,32,26,19,12,1,15,28,13,17,5,12,35,49,1,2019
Vinicius Júnior,Brasil,Atacante,18,16,16,6,8,2,5,19,14,8,1,7,8,1,0,2019
Isco,Espanha,"Atacante, Meio Campista",26,33,22,16,10,7,16,39,23,10,1,9,10,3,0,2019
Federico Valverde,Uruguai,Meio Campista,20,17,21,6,9,2,9,19,10,13,2,11,31,12,0,2019
Marcos Llorente,Espanha,Meio Campista,23,20,22,8,10,2,11,24,13,8,0,8,14,13,0,2019
Mariano,República Dominicana,Atacante,24,2,2,1,1,0,0,3,3,4,0,4,1,4,0,2019
Jesús Vallejo,Espanha,Defensor,21,7,8,5,2,0,6,7,1,6,5,1,12,16,0,2019
Brahim Díaz,Marrocos,Atacante,18,9,9,5,4,0,3,8,5,2,0,2,0,0,0,2019
Javi Sánchez,Espanha,Defensor,21,3,4,3,0,0,2,3,1,2,1,1,5,12,0,2019
Luca Zidane,França,Goleiro,20,0,0,0,0,0,0,0,0,0,0,0,0,0,0,2019
Cristo González,Espanha,Atacante,20,1,1,0,1,0,0,0,0,0,0,0,1,0,0,2019
Fran Garcia,Espanha,Defensor,18,,1,,,,,,,,,,2,,,2019
Borja Mayoral,Espanha,Atacante,21,,0,,,,,,,,,,0,,,2019
Álvaro Fidalgo,Espanha,Meio Campista,21,,0,,,,,,,,,,0,,,2019