Times,Imagem,Nacionalidade,Imagem bandeira país
Atalanta,https://github.com/RafaelMoura98/Projeto-Dashboard-Madrid/blob/Desenvolvimento/Assets/Clubes/Atalanta.png?raw=true,Itália,https://github.com/RafaelMoura98/Projeto-Dashboard-Madrid/blob/Desenvolvimento/Assets/Bandeiras/It%C3%A1lia.png?raw=true
Mallorca,https://github.com/RafaelMoura98/Projeto-Dashboard-Madrid/blob/Desenvolvimento/Assets/Clubes/Mallorca.png?raw=true,Espanha,https://github.com/RafaelMoura98/Projeto-Dashboard-Madrid/blob/Desenvolvimento/Assets/Bandeiras/Espanha.png?raw=true
Valladolid,https://github.com/RafaelMoura98/Projeto-Dashboard-Madrid/blob/Desenvolvimento/Assets/Clubes/Real%20Valladolid.png?raw=true,Espanha,https://github.com/RafaelMoura98/Projeto-Dashboard-Madrid/blob/Desenvolvimento/Assets/Bandeiras/Espanha.png?raw=true
Las Palmas,https://github.com/RafaelMoura98/Projeto-Dashboard-Madrid/blob/Desenvolvimento/Assets/Clubes/Las%20Palmas.png?raw=true,Espanha,https://github.com/RafaelMoura98/Projeto-Dashboard-Madrid/blob/Desenvolvimento/Assets/Bandeiras/Espanha.png?raw=true
Real Betis,https://github.com/RafaelMoura98/Projeto-Dashboard-Madrid/blob/Desenvolvimento/Assets/Clubes/Real%20Betis.png?raw=true,Espanha,https://github.com/RafaelMoura98/Projeto-Dashboard-Madrid/blob/Desenvolvimento/Assets/Bandeiras/Espanha.png?raw=true
Real Sociedad,https://github.com/RafaelMoura98/Projeto-Dashboard-Madrid/blob/Desenvolvimento/Assets/Clubes/Real%20Sociedad.png?raw=true,Espanha,https://github.com/RafaelMoura98/Projeto-Dashboard-Madrid/blob/Desenvolvimento/Assets/Bandeiras/Espanha.png?raw=true
Stuttgart,https://github.com/RafaelMoura98/Projeto-Dashboard-Madrid/blob/Desenvolvimento/Assets/Clubes/Stuttgart.png?raw=true,Alemanha,https://github.com/RafaelMoura98/Projeto-Dashboard-Madrid/blob/Desenvolvimento/Assets/Bandeiras/Alemanha.png?raw=true
Espanyol,https://github.com/RafaelMoura98/Projeto-Dashboard-Madrid/blob/Desenvolvimento/Assets/Clubes/Espanyol.png?raw=true,Espanha,https://github.com/RafaelMoura98/Projeto-Dashboard-Madrid/blob/Desenvolvimento/Assets/Bandeiras/Espanha.png?raw=true
Alavés,https://github.com/RafaelMoura98/Projeto-Dashboard-Madrid/blob/Desenvolvimento/Assets/Clubes/deportivo-Alaves-logo-3%201.png?raw=true,Espanha,https://github.com/RafaelMoura98/Projeto-Dashboard-Madrid/blob/Desenvolvimento/Assets/Bandeiras/Espanha.png?raw=true
Atlético Madrid,https://github.com/RafaelMoura98/Projeto-Dashboard-Madrid/blob/Desenvolvimento/Assets/Clubes/Atl%C3%A9tico%20de%20Madrid.png?raw=true,Espanha,https://github.com/RafaelMoura98/Projeto-Dashboard-Madrid/blob/Desenvolvimento/Assets/Bandeiras/Espanha.png?raw=true
Lille,https://github.com/RafaelMoura98/Projeto-Dashboard-Madrid/blob/Desenvolvimento/Assets/Clubes/Lille.png?raw=true,França,https://github.com/RafaelMoura98/Projeto-Dashboard-Madrid/blob/Desenvolvimento/Assets/Bandeiras/Fran%C3%A7a.png?raw=true
Villarreal,https://github.com/RafaelMoura98/Projeto-Dashboard-Madrid/blob/Desenvolvimento/Assets/Clubes/Villarreal.png?raw=true,Espanha,https://github.com/RafaelMoura98/Projeto-Dashboard-Madrid/blob/Desenvolvimento/Assets/Bandeiras/Espanha.png?raw=true
Celta Vigo,https://github.com/RafaelMoura98/Projeto-Dashboard-Madrid/blob/Desenvolvimento/Assets/Clubes/Celta%20Vigo.png?raw=true,Espanha,https://github.com/RafaelMoura98/Projeto-Dashboard-Madrid/blob/Desenvolvimento/Assets/Bandeiras/Espanha.png?raw=true
Borussia Dortmund,https://github.com/RafaelMoura98/Projeto-Dashboard-Madrid/blob/Desenvolvimento/Assets/Clubes/Borussia%20Dortmund.png?raw=true,Alemanha,https://github.com/RafaelMoura98/Projeto-Dashboard-Madrid/blob/Desenvolvimento/Assets/Bandeiras/Alemanha.png?raw=true
Barcelona,https://github.com/RafaelMoura98/Projeto-Dashboard-Madrid/blob/Desenvolvimento/Assets/Clubes/Barcelona.png?raw=true,Espanha,https://github.com/RafaelMoura98/Projeto-Dashboard-Madrid/blob/Desenvolvimento/Assets/Bandeiras/Espanha.png?raw=true
Milan,https://github.com/RafaelMoura98/Projeto-Dashboard-Madrid/blob/Desenvolvimento/Assets/Clubes/Milan.png?raw=true,Itália,https://github.com/RafaelMoura98/Projeto-Dashboard-Madrid/blob/Desenvolvimento/Assets/Bandeiras/It%C3%A1lia.png?raw=true
Osasuna,https://github.com/RafaelMoura98/Projeto-Dashboard-Madrid/blob/Desenvolvimento/Assets/Clubes/Osasuna.png?raw=true,Espanha,https://github.com/RafaelMoura98/Projeto-Dashboard-Madrid/blob/Desenvolvimento/Assets/Bandeiras/Espanha.png?raw=true
Leganés,https://github.com/RafaelMoura98/Projeto-Dashboard-Madrid/blob/Desenvolvimento/Assets/Clubes/Legan%C3%A9s.png?raw=true,Espanha,https://github.com/RafaelMoura98/Projeto-Dashboard-Madrid/blob/Desenvolvimento/Assets/Bandeiras/Espanha.png?raw=true
Liverpool,https://github.com/RafaelMoura98/Projeto-Dashboard-Madrid/blob/Desenvolvimento/Assets/Clubes/Liverpool.png?raw=true,Inglaterra,https://github.com/RafaelMoura98/Projeto-Dashboard-Madrid/blob/Desenvolvimento/Assets/Bandeiras/Inglaterra.png?raw=true
Getafe,https://github.com/RafaelMoura98/Projeto-Dashboard-Madrid/blob/Desenvolvimento/Assets/Clubes/Getafe.png?raw=true,Espanha,https://github.com/RafaelMoura98/Projeto-Dashboard-Madrid/blob/Desenvolvimento/Assets/Bandeiras/Espanha.png?raw=true
Athletic Club,https://github.com/RafaelMoura98/Projeto-Dashboard-Madrid/blob/Desenvolvimento/Assets/Clubes/Athletic%20Bilbao.png?raw=true,Espanha,https://github.com/RafaelMoura98/Projeto-Dashboard-Madrid/blob/Desenvolvimento/Assets/Bandeiras/Espanha.png?raw=true
Girona,https://github.com/RafaelMoura98/Projeto-Dashboard-Madrid/blob/Desenvolvimento/Assets/Clubes/Girona.png?raw=true,Espanha,https://github.com/RafaelMoura98/Projeto-Dashboard-Madrid/blob/Desenvolvimento/Assets/Bandeiras/Espanha.png?raw=true
Rayo Vallecano,https://github.com/RafaelMoura98/Projeto-Dashboard-Madrid/blob/Desenvolvimento/Assets/Clubes/Rayo%20Vallecano.png?raw=true,Espanha,https://github.com/RafaelMoura98/Projeto-Dashboard-Madrid/blob/Desenvolvimento/Assets/Bandeiras/Espanha.png?raw=true
Sevilla,https://github.com/RafaelMoura98/Projeto-Dashboard-Madrid/blob/Desenvolvimento/Assets/Clubes/Sevilla.png?raw=true,Espanha,https://github.com/RafaelMoura98/Projeto-Dashboard-Madrid/blob/Desenvolvimento/Assets/Bandeiras/Espanha.png?raw=true
Valencia,https://github.com/RafaelMoura98/Projeto-Dashboard-Madrid/blob/Desenvolvimento/Assets/Clubes/Val%C3%AAncia.png?raw=true,Espanha,https://github.com/RafaelMoura98/Projeto-Dashboard-Madrid/blob/Desenvolvimento/Assets/Bandeiras/Espanha.png?raw=true
CD Minera,https://github.com/RafaelMoura98/Projeto-Dashboard-Madrid/blob/Desenvolvimento/Assets/Clubes/Deportivo%20Minera.png?raw=true,Espanha,https://github.com/RafaelMoura98/Projeto-Dashboard-Madrid/blob/Desenvolvimento/Assets/Bandeiras/Espanha.png?raw=true
RB Salzburg,https://github.com/RafaelMoura98/Projeto-Dashboard-Madrid/blob/Desenvolvimento/Assets/Clubes/RB%20Salzburg.png?raw=true,Áustria,https://github.com/RafaelMoura98/Projeto-Dashboard-Madrid/blob/Desenvolvimento/Assets/Bandeiras/%C3%81ustria.png?raw=true
Brest,https://github.com/RafaelMoura98/Projeto-Dashboard-Madrid/blob/Desenvolvimento/Assets/Clubes/Stade%20Brestois.png?raw=true,França,https://github.com/RafaelMoura98/Projeto-Dashboard-Madrid/blob/Desenvolvimento/Assets/Bandeiras/Fran%C3%A7a.png?raw=true
Manchester City,https://github.com/RafaelMoura98/Projeto-Dashboard-Madrid/blob/Desenvolvimento/Assets/Clubes/Manchester%20City.png?raw=true,Inglaterra,https://github.com/RafaelMoura98/Projeto-Dashboard-Madrid/blob/Desenvolvimento/Assets/Bandeiras/Inglaterra.png?raw=true
Arsenal,https://github.com/RafaelMoura98/Projeto-Dashboard-Madrid/blob/Desenvolvimento/Assets/Clubes/Arsenal.png?raw=true,Inglaterra,https://github.com/RafaelMoura98/Projeto-Dashboard-Madrid/blob/Desenvolvimento/Assets/Bandeiras/Inglaterra.png?raw=true
Almería,https://github.com/RafaelMoura98/Projeto-Dashboard-Madrid/blob/Desenvolvimento/Assets/Clubes/Almeria.png?raw=true,Espanha,https://github.com/RafaelMoura98/Projeto-Dashboard-Madrid/blob/Desenvolvimento/Assets/Bandeiras/Espanha.png?raw=true
Union Berlin,https://github.com/RafaelMoura98/Projeto-Dashboard-Madrid/blob/Desenvolvimento/Assets/Clubes/Union%20Berlin.png?raw=true,Alemanha,https://github.com/RafaelMoura98/Projeto-Dashboard-Madrid/blob/Desenvolvimento/Assets/Bandeiras/Alemanha.png?raw=true
Napoli,https://github.com/RafaelMoura98/Projeto-Dashboard-Madrid/blob/Desenvolvimento/Assets/Clubes/Napoli.png?raw=true,Itália,https://github.com/RafaelMoura98/Projeto-Dashboard-Madrid/blob/Desenvolvimento/Assets/Bandeiras/It%C3%A1lia.png?raw=true
Braga,https://github.com/RafaelMoura98/Projeto-Dashboard-Madrid/blob/Desenvolvimento/Assets/Clubes/Braga.png?raw=true,Portugal,https://github.com/RafaelMoura98/Projeto-Dashboard-Madrid/blob/Desenvolvimento/Assets/Bandeiras/Portugal.png?raw=true
Cádiz,https://github.com/RafaelMoura98/Projeto-Dashboard-Madrid/blob/Desenvolvimento/Assets/Clubes/Cadiz.png?raw=true,Espanha,https://github.com/RafaelMoura98/Projeto-Dashboard-Madrid/blob/Desenvolvimento/Assets/Bandeiras/Espanha.png?raw=true
Granada,https://github.com/RafaelMoura98/Projeto-Dashboard-Madrid/blob/Desenvolvimento/Assets/Clubes/Granada.png?raw=true,Espanha,https://github.com/RafaelMoura98/Projeto-Dashboard-Madrid/blob/Desenvolvimento/Assets/Bandeiras/Espanha.png?raw=true
Arandina,https://github.com/RafaelMoura98/Projeto-Dashboard-Madrid/blob/Desenvolvimento/Assets/Clubes/Arandina.png?raw=true,Espanha,https://github.com/RafaelMoura98/Projeto-Dashboard-Madrid/blob/Desenvolvimento/Assets/Bandeiras/Espanha.png?raw=true
RB Leipzig,https://github.com/RafaelMoura98/Projeto-Dashboard-Madrid/blob/Desenvolvimento/Assets/Clubes/RB%20Leipzig.png?raw=true,Alemanha,https://github.com/RafaelMoura98/Projeto-Dashboard-Madrid/blob/Desenvolvimento/Assets/Bandeiras/Alemanha.png?raw=true
Bayern Munich,https://github.com/RafaelMoura98/Projeto-Dashboard-Madrid/blob/Desenvolvimento/Assets/Clubes/Bayern%20Munique.png?raw=true,Alemanha,https://github.com/RafaelMoura98/Projeto-Dashboard-Madrid/blob/Desenvolvimento/Assets/Bandeiras/Alemanha.png?raw=true
Eintracht Frankfurt,https://github.com/RafaelMoura98/Projeto-Dashboard-Madrid/blob/Desenvolvimento/Assets/Clubes/Eintracht%20Frankfurt.png?raw=true,Alemanha,https://github.com/RafaelMoura98/Projeto-Dashboard-Madrid/blob/Desenvolvimento/Assets/Bandeiras/Alemanha.png?raw=true
Celtic,https://github.com/RafaelMoura98/Projeto-Dashboard-Madrid/blob/Desenvolvimento/Assets/Clubes/Celtic.png?raw=true,Escócia,https://github.com/RafaelMoura98/Projeto-Dashboard-Madrid/blob/Desenvolvimento/Assets/Bandeiras/Esc%C3%B3cia.png?raw=true
Shakhtar Donetsk,https://github.com/RafaelMoura98/Projeto-Dashboard-Madrid/blob/Desenvolvimento/Assets/Clubes/Shakhtar%20Donetsk.png?raw=true,Ucrânia,https://github.com/RafaelMoura98/Projeto-Dashboard-Madrid/blob/Desenvolvimento/Assets/Bandeiras/Ucr%C3%A2nia.png?raw=true
Elche,https://github.com/RafaelMoura98/Projeto-Dashboard-Madrid/blob/Desenvolvimento/Assets/Clubes/Elche.png?raw=true,Espanha,https://github.com/RafaelMoura98/Projeto-Dashboard-Madrid/blob/Desenvolvimento/Assets/Bandeiras/Espanha.png?raw=true
Cacereño,https://github.com/RafaelMoura98/Projeto-Dashboard-Madrid/blob/Desenvolvimento/Assets/Clubes/Cacere%C3%B1o.png?raw=true,Espanha,https://github.com/RafaelMoura98/Projeto-Dashboard-Madrid/blob/Desenvolvimento/Assets/Bandeiras/Espanha.png?raw=true
Chelsea,https://github.com/RafaelMoura98/Projeto-Dashboard-Madrid/blob/Desenvolvimento/Assets/Clubes/Chelsea.png?raw=true,Inglaterra,https://github.com/RafaelMoura98/Projeto-Dashboard-Madrid/blob/Desenvolvimento/Assets/Bandeiras/Inglaterra.png?raw=true
Levante,https://github.com/RafaelMoura98/Projeto-Dashboard-Madrid/blob/Desenvolvimento/Assets/Clubes/Levante.png?raw=true,Espanha,https://github.com/RafaelMoura98/Projeto-Dashboard-Madrid/blob/Desenvolvimento/Assets/Bandeiras/Espanha.png?raw=true
Internazionale,https://github.com/RafaelMoura98/Projeto-Dashboard-Madrid/blob/Desenvolvimento/Assets/Clubes/Internazionale.png?raw=true,itália,https://github.com/RafaelMoura98/Projeto-Dashboard-Madrid/blob/Desenvolvimento/Assets/Bandeiras/It%C3%A1lia.png?raw=true
Sheriff Tiraspol,https://github.com/RafaelMoura98/Projeto-Dashboard-Madrid/blob/Desenvolvimento/Assets/Clubes/Sheriff.png?raw=true,Moldávia,https://github.com/RafaelMoura98/Projeto-Dashboard-Madrid/blob/Desenvolvimento/Assets/Bandeiras/Mold%C3%A1via.png?raw=true
Alcoyano,https://github.com/RafaelMoura98/Projeto-Dashboard-Madrid/blob/Desenvolvimento/Assets/Clubes/Alcoyano.png?raw=true,Espanha,https://github.com/RafaelMoura98/Projeto-Dashboard-Madrid/blob/Desenvolvimento/Assets/Bandeiras/Espanha.png?raw=true
Paris Saint Germain ,https://github.com/RafaelMoura98/Projeto-Dashboard-Madrid/blob/Desenvolvimento/Assets/Clubes/Paris%20Saint%20Germain.png?raw=true,França,https://github.com/RafaelMoura98/Projeto-Dashboard-Madrid/blob/Desenvolvimento/Assets/Bandeiras/Fran%C3%A7a.png?raw=true
Borussia Mönchengladbach,https://github.com/RafaelMoura98/Projeto-Dashboard-Madrid/blob/Desenvolvimento/Assets/Clubes/Borussia%20Monchengladbach.png?raw=true,Alemanha,https://github.com/RafaelMoura98/Projeto-Dashboard-Madrid/blob/Desenvolvimento/Assets/Bandeiras/Alemanha.png?raw=true
Huesca,https://github.com/RafaelMoura98/Projeto-Dashboard-Madrid/blob/Desenvolvimento/Assets/Clubes/Huesca.png?raw=true,Espanha,https://github.com/RafaelMoura98/Projeto-Dashboard-Madrid/blob/Desenvolvimento/Assets/Bandeiras/Espanha.png?raw=true
Eibar,https://github.com/RafaelMoura98/Projeto-Dashboard-Madrid/blob/Desenvolvimento/Assets/Clubes/Eibar.png?raw=true,Espanha,https://github.com/RafaelMoura98/Projeto-Dashboard-Madrid/blob/Desenvolvimento/Assets/Bandeiras/Espanha.png?raw=true
Club Brugge,https://github.com/RafaelMoura98/Projeto-Dashboard-Madrid/blob/Desenvolvimento/Assets/Clubes/Club%20Brugge.png?raw=true,Bélgica,https://github.com/RafaelMoura98/Projeto-Dashboard-Madrid/blob/Desenvolvimento/Assets/Bandeiras/B%C3%A9lgica.png?raw=true
Galatasaray,https://github.com/RafaelMoura98/Projeto-Dashboard-Madrid/blob/Desenvolvimento/Assets/Clubes/Galatasaray.png?raw=true,Turquia,https://github.com/RafaelMoura98/Projeto-Dashboard-Madrid/blob/Desenvolvimento/Assets/Bandeiras/Turquia.png?raw=true
Unionistas Sal,https://github.com/RafaelMoura98/Projeto-Dashboard-Madrid/blob/Desenvolvimento/Assets/Clubes/Unionistas%20de%20Salamanca.png?raw=true,Espanha,https://github.com/RafaelMoura98/Projeto-Dashboard-Madrid/blob/Desenvolvimento/Assets/Bandeiras/Espanha.png?raw=true
Zaragoza,https://github.com/RafaelMoura98/Projeto-Dashboard-Madrid/blob/Desenvolvimento/Assets/Clubes/Zaragoza.png?raw=true,Espanha,https://github.com/RafaelMoura98/Projeto-Dashboard-Madrid/blob/Desenvolvimento/Assets/Bandeiras/Espanha.png?raw=true
Roma,https://github.com/RafaelMoura98/Projeto-Dashboard-Madrid/blob/Desenvolvimento/Assets/Clubes/Roma.png?raw=true,Itália,https://github.com/RafaelMoura98/Projeto-Dashboard-Madrid/blob/Desenvolvimento/Assets/Bandeiras/It%C3%A1lia.png?raw=true
CSKA Moscow,https://github.com/RafaelMoura98/Projeto-Dashboard-Madrid/blob/Desenvolvimento/Assets/Clubes/CSKA.png?raw=true,Rússia,https://github.com/RafaelMoura98/Projeto-Dashboard-Madrid/blob/Desenvolvimento/Assets/Bandeiras/R%C3%BAssia.png?raw=true
Viktoria Plzeň,https://github.com/RafaelMoura98/Projeto-Dashboard-Madrid/blob/Desenvolvimento/Assets/Clubes/Viktoria%20Plzen.png?raw=true,República Tcheca,https://github.com/RafaelMoura98/Projeto-Dashboard-Madrid/blob/Desenvolvimento/Assets/Bandeiras/Rep%C3%BAblica%20Tcheca.png?raw=true
Melilla,https://github.com/RafaelMoura98/Projeto-Dashboard-Madrid/blob/Desenvolvimento/Assets/Clubes/Melilla.png?raw=true,Espanha,https://github.com/RafaelMoura98/Projeto-Dashboard-Madrid/blob/Desenvolvimento/Assets/Bandeiras/Espanha.png?raw=true
Ajax,https://github.com/RafaelMoura98/Projeto-Dashboard-Madrid/blob/Desenvolvimento/Assets/Clubes/Ajax.png?raw=true,Holanda,https://github.com/RafaelMoura98/Projeto-Dashboard-Madrid/blob/Desenvolvimento/Assets/Bandeiras/Holanda.png?raw=true