Jogador,Nacionalidade,Posição,Idade,N° Toques na Bola,N° Toques na Grande Área Defensiva,N° Toques no Terço Defensivo,N° Toques na Área Central,N° Toques no Terço Ofensivo,N° Toques na Grande Área Ofensiva,Toques com Bola rolando,Tentativas de Dribles,Dribles Certos,Derrubado Por Defensor Durante Ataque,N° de Conduções com os pés,Distância Total Conduzida,Distância Total Conduzida em Direção ao Gol,Conduções Progressivas,Conduções no Último Terço,Conduções na Grande Área,Perdas no Controle de Bola,Perdas por Desarme,Passes Recebidos,Passes Progressivos Recebidos,Temporada
Federico Valverde,Uruguai,"Meio Campista, Defensor",26,3495,158,779,1940,799,52,3495,35,20,12,2158,11206,5737,90,73,9,37,4,2591,99,2025
Kylian Mbappé,França,Atacante,25,2044,2,49,596,1418,403,2034,236,107,114,1393,9185,5157,203,121,120,103,67,1756,503,2025
Jude Bellingham,Inglaterra,Meio Campista,21,2641,53,376,1304,993,148,2639,119,67,40,1756,8701,4010,97,82,17,79,72,2147,190,2025
Aurélien Tchouaméni,França,"Meio Campista, Defensor",24,2948,276,1035,1651,277,32,2948,21,14,4,1884,9358,4836,24,24,1,25,9,2153,15,2025
Thibaut Courtois,Bélgica,Goleiro,32,1565,1390,1559,6,0,0,1565,1,0,1,986,4535,2837,0,0,0,0,0,931,0,2025
Antonio Rüdiger,Alemanha,Defensor,31,2958,374,1419,1430,122,31,2958,8,3,3,2000,9309,5601,27,31,3,8,4,2259,6,2025
Vinicius Júnior,Brasil,Atacante,24,1832,6,124,557,1195,294,1827,274,110,144,1370,11073,6426,251,125,146,108,64,1504,378,2025
Rodrygo,Brasil,"Meio Campista, Atacante",23,1926,23,146,648,1161,182,1926,142,67,58,1290,8469,4953,158,124,72,64,25,1518,353,2025
Lucas Vázquez,Espanha,Defensor,33,2340,80,617,985,751,75,2340,44,23,17,1320,5223,2518,44,21,22,44,15,1676,241,2025
Raúl Asencio,Espanha,Defensor,21,1607,234,876,679,65,17,1607,11,8,0,1044,5201,2674,8,15,1,8,10,1145,6,2025
Fran Garcia,Espanha,Defensor,24,1991,79,559,784,666,37,1991,25,10,15,1103,5156,2991,86,57,16,25,11,1268,197,2025
Luka Modrić,Cróacia,Meio Campista,38,2835,59,470,1544,846,30,2835,33,20,12,1940,9603,4646,73,72,15,28,16,2221,77,2025
Ferland Mendy,França,Defensor,29,1309,53,349,697,271,11,1309,12,6,5,822,2797,1202,18,16,2,18,12,949,62,2025
Brahim Díaz,Marrocos,"Atacante, Meio Campista",24,1142,7,112,563,485,90,1142,70,37,28,768,3642,1865,58,24,16,55,37,917,143,2025
Eduardo Camavinga,França,Meio Campista,21,1322,74,380,695,269,18,1322,38,18,14,813,4326,2332,33,35,8,12,15,899,36,2025
Dani Ceballos,Espanha,Meio Campista,27,1860,52,385,1160,327,12,1860,22,9,8,1268,6502,3516,46,34,2,14,10,1486,19,2025
Arda Güler,Turquia,"Meio Campista, Atacante",19,1186,18,150,538,510,55,1186,48,22,21,790,3953,2022,40,37,11,25,9,902,93,2025
Andriy Lunin,Ucrânia,Goleiro,25,250,210,249,1,0,0,250,0,0,0,143,489,251,0,0,0,0,0,122,0,2025
Éder Militão,Brasil,Defensor,26,1033,111,486,506,45,16,1033,9,6,3,687,3380,1932,9,7,0,6,4,760,2,2025
Dani Carvajal,Espanha,Defensor,32,692,35,172,300,222,16,692,6,2,4,386,1796,792,16,9,0,9,7,484,62,2025
Endrick,Brasil,Atacante,18,181,2,14,62,108,28,181,14,5,8,118,723,377,13,6,10,14,6,137,42,2025
David Alaba,Áustria,Defensor,32,375,51,194,147,35,4,375,0,0,0,259,1169,578,3,1,0,1,0,290,10,2025
Jacobo Ramón,Espanha,Defensor,19,133,10,69,55,11,4,133,0,0,0,70,295,139,0,1,0,2,2,82,2,2025
Jesús Vallejo,Espanha,Defensor,27,78,7,29,46,5,0,78,0,0,0,50,163,62,0,0,0,0,0,52,1,2025
Diego Aguado,Espanha,Defensor,17,,,,,,,,,,,,,,,,,,,,,2025
Fran,Espanha,Goleiro,19,22,20,22,0,0,0,22,0,0,0,12,40,23,0,0,0,0,0,13,0,2025
Lorenzo Aguado,Espanha,Defensor,21,3,0,3,0,0,0,3,0,0,0,1,2,0,0,0,0,0,1,1,0,2025
Gonzalo García,Espanha,Meio Campista,20,22,0,1,6,15,5,22,0,0,0,14,66,19,0,0,0,0,3,17,3,2025
Chema,Espanha,Meio Campista,19,3,0,1,1,1,0,3,0,0,0,0,0,0,0,0,0,1,0,0,0,2025
Víctor Muñoz,Espanha,"Atacante, Defensor",21,17,0,1,0,16,4,17,2,0,2,15,142,40,3,1,2,1,1,16,9,2025
Daniel Yáñez,Espanha,Meio Campista,17,0,0,0,0,0,0,0,0,0,0,1,6,6,0,0,0,0,0,1,0,2025
Federico Valverde,Uruguai,"Meio Campista, Atacante",25,3186,106,537,1798,890,86,3186,60,32,26,2118,11995,6252,131,122,17,35,17,2472,137,2024
Antonio Rüdiger,Alemanha,Defensor,30,2760,380,1389,1297,85,32,2760,5,2,3,1848,8769,5414,17,15,1,5,3,2084,1,2024
Rodrygo,Brasil,Atacante,22,1856,14,91,604,1185,268,1855,192,78,91,1375,9719,5601,208,134,106,89,43,1544,383,2024
Jude Bellingham,Inglaterra,"Meio Campista, Atacante",20,2607,30,260,1372,1014,178,2606,129,69,46,1770,9767,4747,121,107,38,73,65,2154,253,2024
Dani Carvajal,Espanha,Defensor,31,2304,148,641,1001,684,71,2304,30,12,14,1260,5076,2509,43,44,11,34,26,1504,211,2024
Toni Kroos,Alemanha,Meio Campista,33,3643,95,810,2230,630,16,3643,11,7,3,2444,10863,5576,39,60,2,11,10,2896,38,2024
Nacho,Espanha,Defensor,33,2154,312,1076,990,99,30,2154,8,4,3,1296,5315,3186,17,16,1,12,3,1576,10,2024
Vinicius Júnior,Brasil,Atacante,23,1504,3,84,418,1032,274,1502,254,102,130,1129,9272,5118,207,115,130,92,62,1254,388,2024
Andriy Lunin,Ucrânia,Goleiro,24,998,859,995,3,0,0,998,0,0,0,566,2520,1586,0,0,0,0,0,530,0,2024
Ferland Mendy,França,Defensor,28,1932,72,544,950,452,20,1932,36,18,16,1182,4609,2029,23,29,4,26,16,1387,124,2024
Eduardo Camavinga,França,Meio Campista,20,2244,88,559,1247,474,29,2244,94,49,25,1449,8110,4239,62,74,6,43,34,1675,47,2024
Aurélien Tchouaméni,França,"Meio Campista, Defensor",23,2191,165,676,1265,264,25,2191,13,6,3,1499,7950,4331,31,46,1,17,13,1670,17,2024
Luka Modrić,Cróacia,Meio Campista,37,2271,35,318,1229,739,56,2270,49,22,19,1556,7962,3712,69,75,14,12,25,1785,107,2024
Joselu,Espanha,Atacante,33,642,17,54,279,312,132,640,14,6,7,372,1214,406,17,9,14,35,15,495,111,2024
Brahim Díaz,Marrocos,"Meio Campista, Atacante",23,1185,8,67,491,651,117,1185,137,67,63,851,5512,2940,93,71,38,57,58,961,195,2024
Lucas Vázquez,Espanha,Defensor,32,1638,62,404,645,594,80,1638,53,26,21,964,4028,1874,41,31,20,23,16,1188,205,2024
Kepa Arrizabalaga,Espanha,Goleiro,28,623,543,620,3,0,0,623,0,0,0,421,1700,1106,0,0,0,0,0,385,0,2024
Fran Garcia,Espanha,Defensor,23,1350,45,350,567,445,28,1350,19,9,9,838,4483,2429,69,35,6,26,11,894,163,2024
David Alaba,Áustria,Defensor,31,1242,143,568,560,121,19,1242,4,1,3,881,4365,2371,11,11,0,7,1,922,22,2024
Dani Ceballos,Espanha,Meio Campista,26,772,11,112,419,248,19,772,20,8,9,555,3014,1371,20,21,3,13,17,635,29,2024
Éder Militão,Brasil,Defensor,25,387,65,214,156,20,3,387,1,0,0,246,1148,609,7,4,0,3,1,277,2,2024
Arda Güler,Turquia,Meio Campista,18,273,7,39,114,125,19,273,22,11,9,172,1034,609,16,6,6,7,5,205,25,2024
Thibaut Courtois,Bélgica,Goleiro,31,161,142,161,0,0,0,161,0,0,0,104,546,358,0,0,0,0,0,87,0,2024
Nicolás Paz,Argentina,Meio Campista,18,72,1,9,36,28,1,72,10,5,5,51,363,222,5,7,0,3,1,50,5,2024
Álvaro Carrillo,Espanha,Defensor,21,,,,,,,,,,,,,,,,,,,,,2024
Vinicius Tobias,Brasil,Defensor,19,,,,,,,,,,,,,,,,,,,,,2024
Mario Martín,Espanha,Meio Campista,19,25,2,9,13,4,0,25,0,0,0,12,64,18,0,0,0,2,0,15,1,2024
Gonzalo García,Espanha,Meio Campista,19,11,0,2,4,5,1,11,1,0,1,8,56,20,1,1,1,0,0,7,3,2024
Álvaro Rodríguez,Uruguai,Atacante,19,3,1,2,1,0,0,3,2,2,0,1,28,0,0,1,0,1,1,,,2024
Vinicius Júnior,Brasil,Atacante,22,2308,4,147,622,1572,352,2308,416,159,202,1817,14416,7651,291,139,181,126,81,1964,625,2023
Thibaut Courtois,Bélgica,Goleiro,30,1609,1387,1605,5,0,0,1609,2,2,0,1110,5571,3342,0,0,0,3,0,938,0,2023
Éder Militão,Brasil,Defensor,24,2788,421,1401,1221,186,38,2788,26,14,9,1732,8874,4801,35,26,2,20,7,1888,19,2023
Federico Valverde,Uruguai,"Meio Campista, Atacante",24,2581,52,333,1206,1068,81,2581,64,42,17,1617,9526,5083,113,99,14,40,14,2022,191,2023
Rodrygo,Brasil,Atacante,21,1875,14,94,735,1069,255,1872,206,95,86,1345,8383,4595,184,98,97,75,43,1586,350,2023
Antonio Rüdiger,Alemanha,Defensor,29,2271,261,1158,1031,97,31,2271,4,3,1,1488,7071,4295,24,16,0,9,2,1668,10,2023
Toni Kroos,Alemanha,Meio Campista,32,3598,83,746,2210,672,20,3598,30,11,11,2440,10575,5652,59,54,4,16,15,2867,46,2023
Karim Benzema,França,Atacante,34,1682,15,86,602,1002,222,1674,61,27,31,1035,4778,2255,84,50,41,43,36,1417,201,2023
Eduardo Camavinga,França,"Meio Campista, Defensor",19,2334,72,533,1244,589,47,2334,86,45,27,1493,8609,4725,87,93,15,56,37,1735,114,2023
Dani Carvajal,Espanha,Defensor,30,2233,122,633,879,730,48,2233,27,9,13,1254,4661,2271,34,41,3,29,9,1530,182,2023
Luka Modrić,Cróacia,Meio Campista,36,2334,35,338,1229,779,59,2332,65,29,28,1576,7925,3487,65,65,18,38,26,1904,113,2023
David Alaba,Áustria,Defensor,30,1830,195,753,761,330,30,1830,7,6,1,1118,5029,2811,24,32,5,13,7,1332,86,2023
Aurélien Tchouaméni,França,Meio Campista,22,2416,103,550,1520,362,37,2416,43,31,9,1584,8478,4067,51,48,4,31,16,1863,27,2023
Nacho,Espanha,Defensor,32,1693,135,656,801,249,21,1693,18,12,4,959,4051,2338,24,15,6,18,10,1183,39,2023
Ferland Mendy,França,Defensor,27,1295,52,346,574,384,8,1295,33,21,9,828,4179,1927,30,34,2,23,20,953,84,2023
Marco Asensio,Espanha,"Atacante, Meio Campista",26,1188,13,85,473,639,87,1187,36,24,8,747,4506,2229,68,46,14,24,16,910,123,2023
Dani Ceballos,Espanha,Meio Campista,25,1790,31,283,1045,481,37,1790,73,45,24,1304,7218,3441,62,54,7,20,27,1443,63,2023
Lucas Vázquez,Espanha,Defensor,31,1239,31,297,499,447,51,1239,30,16,8,770,3506,1867,39,18,17,24,7,897,164,2023
Andriy Lunin,Ucrânia,Goleiro,23,279,220,276,3,0,0,279,0,0,0,169,741,327,0,0,0,0,0,162,0,2023
Eden Hazard,Bélgica,"Atacante, Meio Campista",31,211,0,10,84,121,19,210,11,4,3,155,840,447,11,11,2,14,4,182,34,2023
Mariano,República Dominicana,Atacante,28,56,0,3,23,31,8,56,1,0,1,34,200,103,3,2,0,2,3,46,13,2023
Álvaro Rodríguez,Uruguai,Atacante,18,23,1,2,9,12,4,23,0,0,0,17,47,6,0,0,0,5,3,17,3,2023
Casemiro,Brasil,Meio Campista,30,11,1,3,8,0,0,11,0,0,0,7,20,6,0,0,0,1,0,7,0,2023
Álvaro Odriozola,Espanha,Defensor,26,32,0,7,15,10,2,32,2,0,0,20,142,74,4,0,0,0,0,25,5,2023
Jesús Vallejo,Espanha,Defensor,25,35,11,23,9,3,2,35,0,0,0,19,80,51,0,0,0,0,0,26,0,2023
Sergio Arribas,Espanha,Meio Campista,20,13,1,1,6,6,1,13,0,0,0,4,26,17,0,0,0,0,0,8,0,2023
Mario Martín,Espanha,Meio Campista,18,,,,,,,,,,,,,,,,,,,,,2023
Thibaut Courtois,Bélgica,Goleiro,29,1733,1502,1724,9,0,0,1733,1,1,0,1091,5457,3183,0,0,0,1,0,977,0,2022
Éder Militão,Brasil,Defensor,23,3167,442,1687,1334,166,49,3167,27,15,12,1909,9279,5054,28,18,2,24,8,2109,17,2022
Vinicius Júnior,Brasil,Atacante,21,2354,8,204,602,1588,325,2354,282,127,155,1823,14307,8426,298,160,148,118,87,1983,641,2022
David Alaba,Áustria,Defensor,29,2948,300,1313,1296,355,52,2948,11,5,6,2010,11350,6644,55,44,6,24,4,2282,84,2022
Casemiro,Brasil,Meio Campista,29,3032,206,939,1658,459,41,3032,44,31,13,1654,6132,3186,30,29,4,42,25,2065,35,2022
Karim Benzema,França,Atacante,33,2140,27,101,751,1304,304,2126,77,48,29,1361,7060,3616,130,98,55,49,44,1810,338,2022
Luka Modrić,Cróacia,Meio Campista,35,2754,32,528,1390,858,61,2753,63,46,17,1843,9677,4706,97,62,18,40,35,2191,115,2022
Toni Kroos,Alemanha,Meio Campista,31,3279,61,670,1879,755,26,3279,23,14,9,2118,9211,4629,52,69,4,14,12,2676,52,2022
Federico Valverde,Uruguai,"Meio Campista, Atacante",23,1879,54,310,957,651,52,1879,69,44,25,1179,7731,4490,107,110,10,34,11,1386,118,2022
Ferland Mendy,França,Defensor,26,2088,95,591,876,634,49,2088,74,46,28,1300,7160,3551,82,53,23,33,21,1479,139,2022
Dani Carvajal,Espanha,Defensor,29,2134,141,700,797,653,48,2134,29,17,12,1105,4783,2245,43,49,7,36,16,1406,152,2022
Nacho,Espanha,Defensor,31,1579,202,718,679,186,16,1579,8,6,2,879,3610,1955,21,17,2,9,2,1078,16,2022
Lucas Vázquez,Espanha,"Defensor, Atacante",30,2066,81,582,842,649,70,2066,39,24,15,1321,6407,3202,69,34,24,45,22,1537,187,2022
Rodrygo,Brasil,"Atacante, Meio Campista",20,1212,9,130,403,695,146,1212,76,37,39,822,4928,2867,94,66,46,57,22,932,255,2022
Marco Asensio,Espanha,"Atacante, Meio Campista",25,1188,12,104,469,623,86,1188,43,28,15,776,4870,2258,58,50,16,30,27,920,157,2022
Eduardo Camavinga,França,Meio Campista,18,1239,47,287,686,277,28,1239,34,23,11,786,4041,2149,37,29,3,16,14,914,40,2022
Eden Hazard,Bélgica,Atacante,30,538,1,44,173,330,67,538,34,27,7,389,2412,1237,42,28,17,22,12,473,112,2022
Marcelo,Brasil,Defensor,33,595,20,106,234,260,17,595,10,9,1,393,1908,1161,20,23,4,11,1,462,50,2022
Luka Jović,Sérvia,Atacante,23,170,5,17,77,77,34,170,7,3,4,100,432,172,4,3,1,10,9,128,23,2022
Isco,Espanha,"Atacante, Meio Campista",29,315,2,37,163,122,20,315,25,17,8,224,1373,659,16,11,4,10,7,260,17,2022
Mariano,República Dominicana,Atacante,27,98,3,10,40,50,19,98,10,6,4,52,342,184,10,6,6,4,5,77,21,2022
Andriy Lunin,Ucrânia,Goleiro,22,88,84,88,0,0,0,88,0,0,0,44,174,123,0,0,0,0,0,43,0,2022
Jesús Vallejo,Espanha,Defensor,24,279,63,180,87,14,2,279,4,2,2,141,497,199,0,0,0,1,0,175,0,2022
Dani Ceballos,Espanha,"Meio Campista, Atacante",24,341,10,82,183,81,10,341,12,6,6,229,1316,605,6,10,1,11,2,260,9,2022
Miguel Gutiérrez,Espanha,Defensor,20,269,9,77,114,81,5,269,10,6,4,170,948,311,9,5,2,1,2,185,15,2022
Gareth Bale,País de Gales,Atacante,32,105,0,13,33,59,15,105,4,1,3,66,294,136,6,3,4,5,2,76,10,2022
Antonio Blanco,Espanha,Meio Campista,21,40,1,13,22,7,0,40,1,1,0,24,129,48,1,2,0,0,1,30,0,2022
Peter González,República Dominicana,"Meio Campista, Defensor",19,25,1,5,8,12,2,25,1,1,0,19,125,62,3,1,2,1,1,18,3,2022
Mario Gila,Espanha,Defensor,20,24,4,18,6,0,0,24,1,1,0,11,56,30,0,0,0,0,0,14,0,2022
Sergio Santos,Espanha,Defensor,20,8,0,3,4,1,0,8,0,0,0,5,16,13,0,0,0,0,0,7,1,2022
Juanmi Latasa,Espanha,Atacante,20,7,0,0,3,4,2,7,0,0,0,5,12,,,,,,,,,2022
Thibaut Courtois,Bélgica,Goleiro,28,1882,1635,1879,4,0,0,1882,0,0,0,1092,6018,3093,0,0,0,2,0,1000,0,2021
Casemiro,Brasil,Meio Campista,28,3117,155,925,1731,480,75,3117,25,15,10,1541,5847,2855,22,33,5,37,33,2113,59,2021
Karim Benzema,França,Atacante,32,1988,36,147,796,1062,275,1987,82,51,31,1111,6549,3236,133,79,58,80,50,1662,319,2021
Luka Modrić,Cróacia,Meio Campista,34,3509,45,590,1948,1008,66,3509,94,67,27,2423,12445,5473,88,94,20,53,42,2805,129,2021
Raphaël Varane,França,Defensor,27,2764,285,1284,1397,95,30,2764,7,7,0,1753,10449,5299,36,19,2,18,7,1994,5,2021
Ferland Mendy,França,Defensor,25,2466,91,593,1097,803,57,2466,85,63,22,1618,9208,5192,111,83,21,52,38,1757,210,2021
Toni Kroos,Alemanha,Meio Campista,30,3454,49,551,2053,872,39,3454,27,22,5,2169,10031,4991,61,74,11,23,9,2695,64,2021
Lucas Vázquez,Espanha,"Defensor, Atacante",29,2418,62,572,1031,839,96,2418,57,41,16,1518,7429,3971,79,56,26,60,30,1821,284,2021
Nacho,Espanha,Defensor,30,1984,160,794,972,229,35,1984,14,10,4,1113,5930,3554,54,41,6,16,6,1394,42,2021
Vinicius Júnior,Brasil,Atacante,20,1452,9,165,434,883,170,1452,124,69,54,1077,8343,5157,180,117,73,88,60,1166,365,2021
Marco Asensio,Espanha,Atacante,24,1565,21,160,605,815,98,1565,58,42,16,1025,7098,3434,115,84,21,43,28,1236,224,2021
Federico Valverde,Uruguai,"Meio Campista, Defensor",22,1287,15,170,675,457,39,1287,40,32,8,770,4709,2494,56,49,10,27,10,945,66,2021
Sergio Ramos,Espanha,Defensor,34,1638,175,747,813,84,24,1635,9,7,2,1050,5150,3003,23,5,1,4,1,1256,4,2021
Éder Militão,Brasil,Defensor,22,1309,167,668,574,72,18,1309,6,6,0,751,3830,2001,15,6,1,12,3,920,9,2021
Marcelo,Brasil,Defensor,32,1119,19,195,508,426,28,1119,16,13,3,663,2945,1635,29,32,4,16,6,817,105,2021
Rodrygo,Brasil,"Atacante, Meio Campista",19,756,6,97,295,374,78,756,55,26,29,526,3229,1838,59,40,24,41,22,608,136,2021
Dani Carvajal,Espanha,Defensor,28,1096,49,322,480,301,21,1096,15,9,6,580,2437,1280,26,17,6,20,4,722,72,2021
Isco,Espanha,"Atacante, Meio Campista",28,939,11,104,512,336,43,939,49,36,13,675,4006,2035,42,37,9,28,21,795,60,2021
Álvaro Odriozola,Espanha,Defensor,24,573,21,146,230,201,29,573,19,8,11,313,1986,916,30,14,8,13,5,368,66,2021
Eden Hazard,Bélgica,Atacante,29,573,2,47,249,286,31,572,38,26,12,418,2834,1317,39,25,5,16,16,527,97,2021
Mariano,República Dominicana,Atacante,26,196,7,18,71,109,31,196,15,7,8,107,678,242,8,14,5,14,16,144,38,2021
Martin Ødegaard,Noruega,Meio Campista,21,280,1,30,125,129,9,280,4,2,2,189,924,392,9,13,2,7,1,233,26,2021
Miguel Gutiérrez,Espanha,"Defensor, Meio Campista",19,319,8,70,146,106,5,319,11,6,5,184,1154,501,13,10,3,10,0,221,27,2021
Antonio Blanco,Espanha,Meio Campista,20,203,10,50,117,36,0,203,0,0,0,95,333,102,0,2,0,0,1,142,0,2021
Víctor Chust,Espanha,Defensor,20,89,14,57,31,1,0,89,1,0,1,42,235,90,0,0,0,1,0,56,0,2021
Luka Jović,Sérvia,Atacante,22,68,0,3,31,35,15,68,2,2,0,29,114,64,2,2,1,2,1,52,7,2021
Sergio Arribas,Espanha,Atacante,18,129,2,28,58,46,2,129,6,6,0,84,464,244,8,3,2,3,5,101,16,2021
Marvin,Espanha,Atacante,20,114,2,24,61,30,3,114,6,2,4,61,340,128,6,3,2,6,1,67,10,2021
Andriy Lunin,Ucrânia,Goleiro,21,,,,,,,,,,,,,,,,,,,,,2021
Hugo Duro,Espanha,Atacante,20,23,0,2,7,14,3,23,2,1,1,12,32,13,0,0,0,2,0,16,6,2021
Borja Mayoral,Espanha,Atacante,23,10,1,1,3,6,3,10,0,0,0,6,24,0,0,0,0,3,0,7,5,2021
Casemiro,Brasil,Meio Campista,27,3213,150,839,1952,463,38,3213,40,36,4,1746,6891,3471,23,53,1,29,32,2117,28,2020
Karim Benzema,França,Atacante,31,2029,39,126,760,1152,293,2024,84,48,36,1324,7216,3412,137,77,76,78,51,1691,335,2020
Thibaut Courtois,Bélgica,Goleiro,27,1408,1270,1406,1,1,1,1408,0,0,0,749,4117,2197,0,1,1,0,0,698,0,2020
Raphaël Varane,França,Defensor,26,2549,276,1406,1076,74,27,2549,16,12,4,1543,9703,4931,11,19,0,11,4,1758,4,2020
Sergio Ramos,Espanha,Defensor,33,2839,304,1340,1380,140,60,2832,14,11,3,1716,8301,4632,26,19,2,15,4,2023,9,2020
Dani Carvajal,Espanha,Defensor,27,3325,135,930,1348,1074,79,3325,63,31,32,1845,9077,5292,111,99,21,49,35,2218,233,2020
Toni Kroos,Alemanha,Meio Campista,29,3318,35,439,1961,941,43,3318,45,37,8,2103,10112,5027,74,77,6,24,18,2579,91,2020
Federico Valverde,Uruguai,Meio Campista,21,1561,31,227,874,479,30,1561,32,23,9,956,5277,2803,49,52,11,36,21,1159,84,2020
Luka Modrić,Cróacia,Meio Campista,33,2025,22,308,1097,645,44,2025,67,44,23,1400,8249,3577,76,63,11,35,30,1582,97,2020
Ferland Mendy,França,Defensor,24,1776,58,461,746,576,43,1776,81,56,25,1071,5845,2879,80,53,22,45,23,1189,159,2020
Marcelo,Brasil,Defensor,31,1444,48,263,591,599,51,1444,28,21,7,928,4556,2662,56,49,14,23,14,1035,150,2020
Vinicius Júnior,Brasil,Atacante,19,876,2,69,283,540,155,876,109,53,56,662,5212,3091,115,60,74,43,15,692,254,2020
Isco,Espanha,"Meio Campista, Atacante",27,1222,8,148,626,458,53,1222,58,40,18,894,5168,2551,53,45,10,38,26,1037,93,2020
Eden Hazard,Bélgica,Atacante,28,1038,3,77,386,597,115,1038,94,63,31,822,6131,3421,119,75,50,36,42,918,232,2020
Éder Militão,Brasil,Defensor,21,1022,129,580,412,33,7,1022,7,5,2,582,2856,1442,3,4,0,10,6,690,2,2020
Rodrygo,Brasil,Atacante,18,825,4,72,330,437,85,825,69,36,33,593,3671,2122,71,47,31,42,14,664,160,2020
Gareth Bale,País de Gales,"Atacante, Meio Campista",30,682,9,76,279,333,49,682,33,20,13,436,2908,1476,51,41,10,28,12,558,133,2020
Lucas Vázquez,Espanha,"Atacante, Meio Campista",28,779,6,131,348,304,40,779,32,18,14,485,2304,1076,34,20,15,34,19,582,145,2020
Luka Jović,Sérvia,Atacante,21,231,3,10,131,93,19,231,11,7,4,134,547,183,5,7,0,13,6,182,32,2020
Alphonse Areola,França,Goleiro,26,199,165,198,1,0,0,199,0,0,0,100,575,376,0,0,0,0,1,88,0,2020
James Rodríguez,Colômbia,Meio Campista,28,412,0,47,208,162,10,412,2,2,0,277,1235,443,11,7,0,10,6,313,30,2020
Nacho,Espanha,Defensor,29,404,37,117,182,105,7,404,7,1,6,181,803,331,8,7,2,6,2,260,28,2020
Álvaro Odriozola,Espanha,Defensor,23,276,19,90,108,84,6,276,11,8,3,155,1162,524,15,12,3,8,3,174,16,2020
Marco Asensio,Espanha,Atacante,23,208,2,26,84,100,15,208,10,5,5,150,846,335,9,9,5,4,5,170,33,2020
Brahim Díaz,Marrocos,Atacante,19,75,0,9,40,28,7,75,9,3,6,52,400,201,7,6,3,6,3,66,10,2020
Mariano,República Dominicana,"Atacante, Meio Campista",25,24,0,2,9,13,6,24,2,1,1,13,77,63,2,0,1,0,0,1,,2020
Karim Benzema,França,Atacante,30,1866,34,90,769,1016,253,1863,98,61,36,1249,7080,3263,138,75,65,79,59,1534,339,2019
Raphaël Varane,França,Defensor,25,2275,209,1160,1069,61,34,2275,6,5,1,1291,7187,3804,17,16,1,13,8,1530,3,2019
Sergio Ramos,Espanha,Defensor,32,2558,202,1153,1280,146,55,2553,5,3,2,1558,8167,4656,28,25,2,10,3,1839,10,2019
Luka Modrić,Cróacia,Meio Campista,32,2629,24,347,1502,808,57,2629,92,60,32,1914,10393,4462,84,87,17,42,47,2126,129,2019
Toni Kroos,Alemanha,Meio Campista,28,3159,45,458,1948,772,23,3159,23,18,5,2065,10210,5337,85,82,7,21,17,2415,58,2019
Casemiro,Brasil,Meio Campista,26,2411,126,667,1452,318,39,2411,27,21,6,1292,5069,2532,16,38,3,21,23,1593,30,2019
Thibaut Courtois,Bélgica,Goleiro,26,1093,984,1091,1,1,1,1093,1,1,0,562,3228,1754,0,0,0,0,0,484,0,2019
Dani Carvajal,Espanha,Defensor,26,2466,107,654,1108,728,70,2466,66,39,27,1334,6865,4025,92,67,22,35,20,1663,175,2019
Marcelo,Brasil,Defensor,30,2084,44,423,995,679,45,2084,53,35,18,1293,5677,3280,74,56,13,32,17,1551,193,2019
Lucas Vázquez,Espanha,"Atacante, Defensor",27,1490,17,188,637,674,107,1490,66,36,30,1012,5209,2726,93,58,42,73,45,1202,266,2019
Nacho,Espanha,Defensor,28,1551,114,645,726,188,30,1551,18,10,8,829,3245,1603,18,14,9,11,5,1042,56,2019
Gareth Bale,País de Gales,Atacante,29,1275,18,119,559,608,133,1274,54,31,23,868,5334,2426,95,51,36,32,23,1062,275,2019
Marco Asensio,Espanha,"Atacante, Meio Campista",22,1457,10,98,597,787,112,1457,77,54,23,1047,7860,3909,136,75,36,51,20,1171,287,2019
Keylor Navas,Costa Rica,Goleiro,31,389,341,389,0,0,0,389,0,0,0,219,1243,807,0,0,0,0,0,179,0,2019
Dani Ceballos,Espanha,Meio Campista,21,1413,15,155,794,484,35,1413,35,15,20,1041,5397,2489,46,51,8,30,30,1118,86,2019
Álvaro Odriozola,Espanha,Defensor,22,1068,37,237,437,401,52,1068,33,9,24,675,4126,1868,65,33,16,17,12,721,169,2019
Sergio Reguilón,Espanha,Defensor,21,1239,54,296,582,370,31,1239,33,17,16,732,3940,2230,70,48,12,26,6,837,118,2019
Vinicius Júnior,Brasil,Atacante,18,571,1,40,155,390,103,571,89,52,37,471,3985,2330,95,31,63,33,29,472,167,2019
Isco,Espanha,"Atacante, Meio Campista",26,1382,5,135,735,528,69,1382,55,39,16,1030,5741,2748,58,63,13,29,37,1205,126,2019
Federico Valverde,Uruguai,Meio Campista,20,612,14,114,369,142,13,612,21,16,5,354,1993,1144,19,20,6,9,7,423,29,2019
Marcos Llorente,Espanha,Meio Campista,23,559,26,169,358,39,2,559,10,9,1,359,2248,737,12,7,2,4,10,415,6,2019
Mariano,República Dominicana,Atacante,24,174,4,7,64,106,43,174,6,3,3,105,619,246,6,7,4,15,6,130,45,2019
Jesús Vallejo,Espanha,Defensor,21,255,31,150,102,4,2,255,0,0,0,142,685,365,1,1,0,0,1,164,0,2019
Brahim Díaz,Marrocos,Atacante,18,233,0,21,104,109,35,233,34,17,17,173,1137,535,17,10,11,18,8,204,49,2019
Javi Sánchez,Espanha,Defensor,21,102,13,44,57,1,1,102,0,0,0,57,255,141,0,0,0,0,0,62,0,2019
Luca Zidane,França,Goleiro,20,40,30,40,0,0,0,40,0,0,0,19,56,35,0,0,0,0,0,22,0,2019
Cristo González,Espanha,Atacante,20,19,1,3,12,4,0,19,2,0,2,10,53,21,1,0,0,1,1,11,0,2019
Fran Garcia,Espanha,Defensor,18,,,,,,,,,,,,,,,,,,,,,2019
Borja Mayoral,Espanha,Atacante,21,,,,,,,,,,,,,,,,,,,,,2019
Álvaro Fidalgo,Espanha,Meio Campista,21,,,,,,,,,,,,,,,,,,,,,2019