Jogador,Nacionalidade,Posição,Idade,Passes Certos,Passes Tentados,Distância Total de Passes,Distância Total de Passes Progressivos,Passes Curtos Certos,Passes Curtos Tentados,Passes Médios Certos,Passes Médios Tentados,Passes Longos Certos,Passes Longos Tentados,Passes Chaves,Passes ao Terço Final,Passes p/ Grande Área,Cruzamentos p/ Grande Área,Passes Progressivos,Temporada
Federico Valverde,Uruguai,"Meio Campista, Defensor",26,2748,3065,47606,13965,1344,1428,1054,1130,278,371,57,316,49,4,304,2025
Kylian Mbappé,França,Atacante,25,1226,1497,17497,3071,740,846,330,392,77,97,66,92,64,5,175,2025
Jude Bellingham,Inglaterra,Meio Campista,21,1882,2163,30100,6415,1008,1102,664,745,159,205,65,183,41,0,277,2025
Aurélien Tchouaméni,França,"Meio Campista, Defensor",24,2376,2565,41740,13343,995,1044,1185,1249,168,222,11,209,13,1,202,2025
Thibaut Courtois,Bélgica,Goleiro,32,1177,1450,27320,17207,232,233,733,738,209,475,1,6,0,0,0,2025
Antonio Rüdiger,Alemanha,Defensor,31,2438,2646,46147,15230,901,929,1264,1327,244,343,10,168,11,1,129,2025
Vinicius Júnior,Brasil,Atacante,24,945,1297,14657,3535,535,652,289,378,80,134,81,69,52,11,113,2025
Rodrygo,Brasil,"Meio Campista, Atacante",23,1343,1568,17343,4047,901,951,322,379,46,126,65,90,35,3,146,2025
Lucas Vázquez,Espanha,Defensor,33,1774,2047,26897,6522,964,1038,668,761,85,142,41,79,38,5,124,2025
Raúl Asencio,Espanha,Defensor,21,1299,1389,22000,7114,587,612,615,636,75,110,7,56,3,0,34,2025
Fran Garcia,Espanha,Defensor,24,1478,1711,20931,5633,910,971,441,515,68,120,27,95,25,11,132,2025
Luka Modrić,Cróacia,Meio Campista,38,2322,2640,39657,12638,1127,1199,879,966,240,364,83,292,44,4,271,2025
Ferland Mendy,França,Defensor,29,1111,1186,15693,4117,687,708,333,361,52,62,8,70,4,0,59,2025
Brahim Díaz,Marrocos,"Atacante, Meio Campista",24,791,917,10041,2621,547,596,188,223,19,32,29,73,26,0,96,2025
Eduardo Camavinga,França,Meio Campista,21,971,1081,16462,4311,454,487,412,440,79,103,15,93,9,0,86,2025
Dani Ceballos,Espanha,Meio Campista,27,1606,1701,25928,7420,792,810,669,697,100,126,28,181,15,0,185,2025
Arda Güler,Turquia,"Meio Campista, Atacante",19,855,997,13883,3637,462,492,298,339,76,127,46,90,34,6,108,2025
Andriy Lunin,Ucrânia,Goleiro,25,206,236,4935,3172,52,53,103,103,49,76,1,1,0,0,0,2025
Éder Militão,Brasil,Defensor,26,806,899,16811,5915,234,249,472,498,96,142,8,74,4,0,58,2025
Dani Carvajal,Espanha,Defensor,32,511,603,8565,2014,237,254,236,273,32,46,8,28,8,1,39,2025
Endrick,Brasil,Atacante,18,86,108,1351,211,47,58,23,29,9,10,6,3,3,0,11,2025
David Alaba,Áustria,Defensor,32,310,344,5049,2042,148,151,136,141,18,41,2,18,1,0,12,2025
Jacobo Ramón,Espanha,Defensor,19,96,102,1535,574,45,48,45,46,4,4,1,4,0,0,1,2025
Jesús Vallejo,Espanha,Defensor,27,60,67,1094,392,19,19,37,41,3,6,2,5,1,0,5,2025
Diego Aguado,Espanha,Defensor,17,,,,,,,,,,,,,,,,2025
Fran,Espanha,Goleiro,19,19,20,386,262,7,7,8,8,4,5,0,0,0,0,0,2025
Lorenzo Aguado,Espanha,Defensor,21,1,1,34,0,0,0,0,0,1,1,0,0,0,0,0,2025
Gonzalo García,Espanha,Meio Campista,20,19,20,245,20,12,13,5,5,1,1,1,0,0,0,0,2025
Chema,Espanha,Meio Campista,19,1,1,16,0,0,0,1,1,0,0,0,0,0,0,0,2025
Víctor Muñoz,Espanha,"Atacante, Defensor",21,11,12,150,21,9,9,1,1,1,1,0,0,1,1,0,2025
Daniel Yáñez,Espanha,Meio Campista,17,0,0,0,0,0,0,0,0,0,0,0,0,,,,2025
Federico Valverde,Uruguai,"Meio Campista, Atacante",25,2453,2739,37667,10059,1427,1506,789,869,168,243,56,284,51,4,297,2024
Antonio Rüdiger,Alemanha,Defensor,30,2221,2471,40913,15230,862,903,1157,1219,184,308,10,121,13,2,115,2024
Rodrygo,Brasil,Atacante,22,1221,1379,14362,2736,875,931,236,279,26,46,64,66,54,6,118,2024
Jude Bellingham,Inglaterra,"Meio Campista, Atacante",20,1880,2130,27112,5648,1180,1278,542,600,101,124,72,190,55,5,265,2024
Dani Carvajal,Espanha,Defensor,31,1679,1975,26894,6324,879,971,663,755,107,156,33,70,33,6,107,2024
Toni Kroos,Alemanha,Meio Campista,33,3145,3436,58094,21495,1478,1523,1152,1223,457,599,86,439,31,6,368,2024
Nacho,Espanha,Defensor,33,1808,1942,29703,11613,870,900,829,869,90,136,7,66,4,1,75,2024
Vinicius Júnior,Brasil,Atacante,23,724,992,10328,1933,460,540,164,238,55,100,49,46,30,3,82,2024
Andriy Lunin,Ucrânia,Goleiro,24,779,924,17765,11170,187,189,431,436,155,289,1,7,0,0,0,2024
Ferland Mendy,França,Defensor,28,1620,1735,22121,6482,1013,1045,489,535,57,71,13,98,13,2,120,2024
Eduardo Camavinga,França,Meio Campista,20,1665,1836,26950,6725,818,864,700,749,104,138,29,140,20,4,148,2024
Aurélien Tchouaméni,França,"Meio Campista, Defensor",23,1761,1937,29297,9546,847,894,787,851,103,142,15,197,15,5,146,2024
Luka Modrić,Cróacia,Meio Campista,37,1825,2097,29451,9154,990,1046,574,643,186,285,72,212,55,5,243,2024
Joselu,Espanha,Atacante,33,321,442,3937,572,208,274,74,103,9,12,16,19,4,0,22,2024
Brahim Díaz,Marrocos,"Meio Campista, Atacante",23,740,888,9395,2209,509,553,159,208,28,50,39,47,44,9,93,2024
Lucas Vázquez,Espanha,Defensor,32,1210,1412,17445,4254,717,777,413,466,46,98,40,39,38,11,72,2024
Kepa Arrizabalaga,Espanha,Goleiro,28,514,598,11971,7857,120,121,294,296,100,180,0,2,0,0,0,2024
Fran Garcia,Espanha,Defensor,23,1006,1181,14461,4026,620,660,333,387,33,73,19,51,17,8,70,2024
David Alaba,Áustria,Defensor,31,1000,1116,15984,5921,547,565,374,415,59,105,12,67,8,2,57,2024
Dani Ceballos,Espanha,Meio Campista,26,613,685,8926,2127,378,400,173,193,38,51,15,62,9,1,57,2024
Éder Militão,Brasil,Defensor,25,301,334,5616,1964,112,116,158,167,28,41,0,13,0,0,15,2024
Arda Güler,Turquia,Meio Campista,18,183,218,2640,611,115,121,50,61,10,21,2,8,6,0,17,2024
Thibaut Courtois,Bélgica,Goleiro,31,132,146,3004,2066,30,30,76,76,25,39,1,1,0,0,0,2024
Nicolás Paz,Argentina,Meio Campista,18,40,50,511,123,25,29,12,13,1,3,0,3,1,0,8,2024
Álvaro Carrillo,Espanha,Defensor,21,,,,,,,,,,,,,,,,2024
Vinicius Tobias,Brasil,Defensor,19,,,,,,,,,,,,,,,,2024
Mario Martín,Espanha,Meio Campista,19,12,15,175,42,5,5,6,9,0,0,0,1,0,0,0,2024
Gonzalo García,Espanha,Meio Campista,19,4,7,35,7,4,6,0,0,0,0,0,0,0,0,0,2024
Álvaro Rodríguez,Uruguai,Atacante,19,0,0,0,0,0,0,0,0,0,0,0,0,0,0,0,2024
Vinicius Júnior,Brasil,Atacante,22,1216,1585,15936,3285,804,917,271,350,62,113,82,42,52,4,107,2023
Thibaut Courtois,Bélgica,Goleiro,30,1274,1507,30184,19361,280,281,720,727,268,488,2,8,1,0,0,2023
Éder Militão,Brasil,Defensor,24,2082,2370,39400,13305,833,888,983,1071,230,339,6,163,5,1,115,2023
Federico Valverde,Uruguai,"Meio Campista, Atacante",24,1928,2217,28325,6046,1174,1257,543,633,139,183,62,168,65,9,209,2023
Rodrygo,Brasil,Atacante,21,1230,1416,14090,2772,867,939,208,252,40,54,60,85,34,4,102,2023
Antonio Rüdiger,Alemanha,Defensor,29,1854,2019,33318,11071,748,780,943,996,142,197,4,96,6,0,74,2023
Toni Kroos,Alemanha,Meio Campista,32,3086,3391,56701,20614,1386,1440,1219,1284,411,547,71,479,34,10,407,2023
Karim Benzema,França,Atacante,34,1192,1385,14181,3060,798,891,259,282,30,41,66,86,65,0,169,2023
Eduardo Camavinga,França,"Meio Campista, Defensor",19,1772,1974,27694,7371,931,1000,665,717,120,151,30,173,17,1,189,2023
Dani Carvajal,Espanha,Defensor,30,1669,1957,26658,5866,888,964,617,712,120,181,33,79,33,10,93,2023
Luka Modrić,Cróacia,Meio Campista,36,1862,2119,28735,8775,1038,1106,576,647,163,239,51,205,35,6,234,2023
David Alaba,Áustria,Defensor,30,1456,1665,21346,7518,820,860,505,576,68,134,24,91,12,6,86,2023
Aurélien Tchouaméni,França,Meio Campista,22,1927,2075,30664,9543,977,1031,791,840,111,132,22,195,13,0,179,2023
Nacho,Espanha,Defensor,32,1371,1498,20937,7377,737,785,533,567,61,85,17,96,10,1,89,2023
Ferland Mendy,França,Defensor,27,1083,1166,15033,3733,667,699,318,345,47,51,16,81,11,1,78,2023
Marco Asensio,Espanha,"Atacante, Meio Campista",26,827,1006,12345,2725,482,532,237,278,66,117,50,75,30,8,89,2023
Dani Ceballos,Espanha,Meio Campista,25,1441,1591,22391,6910,799,841,465,496,119,151,31,203,19,1,211,2023
Lucas Vázquez,Espanha,Defensor,31,953,1095,14398,3070,535,577,333,380,54,82,25,35,37,9,59,2023
Andriy Lunin,Ucrânia,Goleiro,23,246,270,5362,3412,69,69,132,135,45,65,0,0,0,0,0,2023
Eden Hazard,Bélgica,"Atacante, Meio Campista",31,154,174,1915,369,98,109,37,40,5,5,12,8,6,0,12,2023
Mariano,República Dominicana,Atacante,28,34,45,462,97,25,31,7,9,2,3,1,3,0,0,3,2023
Álvaro Rodríguez,Uruguai,Atacante,18,9,12,127,22,5,6,4,6,0,0,1,0,1,0,1,2023
Casemiro,Brasil,Meio Campista,30,7,8,134,50,6,6,0,0,1,2,0,1,0,0,0,2023
Álvaro Odriozola,Espanha,Defensor,26,27,28,376,108,19,20,7,7,1,1,2,1,1,1,2,2023
Jesús Vallejo,Espanha,Defensor,25,28,29,541,181,7,7,14,14,4,4,0,2,0,0,1,2023
Sergio Arribas,Espanha,Meio Campista,20,9,11,131,35,6,6,3,5,0,0,1,1,1,0,2,2023
Mario Martín,Espanha,Meio Campista,18,,,,,,,,,,,,,,,,2023
Thibaut Courtois,Bélgica,Goleiro,29,1310,1636,31139,20396,286,289,734,741,284,595,0,9,0,0,1,2022
Éder Militão,Brasil,Defensor,23,2362,2694,44826,15256,864,919,1174,1254,268,408,12,161,6,1,122,2022
Vinicius Júnior,Brasil,Atacante,21,1441,1739,19174,3789,914,1016,357,418,65,94,99,47,89,10,156,2022
David Alaba,Áustria,Defensor,29,2395,2646,39637,14371,1104,1152,1095,1178,133,220,25,180,17,4,182,2022
Casemiro,Brasil,Meio Campista,29,2182,2546,39231,12693,1012,1115,805,935,282,358,32,233,29,4,206,2022
Karim Benzema,França,Atacante,33,1468,1767,19407,4175,937,1044,353,416,80,106,81,109,108,3,237,2022
Luka Modrić,Cróacia,Meio Campista,35,2212,2511,36749,11101,1112,1183,757,833,237,310,51,268,51,4,314,2022
Toni Kroos,Alemanha,Meio Campista,31,2828,3095,52377,16047,1247,1289,1069,1128,422,542,65,368,42,2,356,2022
Federico Valverde,Uruguai,"Meio Campista, Atacante",23,1366,1589,20004,4923,799,858,407,466,90,135,31,142,28,1,167,2022
Ferland Mendy,França,Defensor,26,1642,1818,22988,6360,1002,1059,487,531,78,101,24,103,19,4,123,2022
Dani Carvajal,Espanha,Defensor,29,1589,1856,26292,7020,818,890,598,696,143,192,37,81,39,13,107,2022
Nacho,Espanha,Defensor,31,1269,1380,21021,7053,598,630,541,569,92,118,12,62,6,2,81,2022
Lucas Vázquez,Espanha,"Defensor, Atacante",30,1552,1806,23902,6413,882,946,507,588,110,182,41,71,41,12,120,2022
Rodrygo,Brasil,"Atacante, Meio Campista",20,739,905,8604,1988,502,546,138,179,21,50,37,36,31,6,64,2022
Marco Asensio,Espanha,"Atacante, Meio Campista",25,804,986,12000,2289,454,498,245,287,62,116,33,66,22,2,87,2022
Eduardo Camavinga,França,Meio Campista,18,916,1030,16265,4116,404,435,383,413,100,122,16,94,9,1,98,2022
Eden Hazard,Bélgica,Atacante,30,407,463,5278,1030,255,277,103,114,12,19,29,21,15,0,40,2022
Marcelo,Brasil,Defensor,33,443,536,6727,1744,244,261,152,178,24,56,9,32,12,5,54,2022
Luka Jović,Sérvia,Atacante,23,87,106,1178,178,49,59,24,28,5,5,7,5,3,0,9,2022
Isco,Espanha,"Atacante, Meio Campista",29,238,271,3885,1057,124,132,87,92,21,31,10,21,8,0,42,2022
Mariano,República Dominicana,Atacante,27,43,63,618,163,26,32,12,17,3,7,6,2,4,0,5,2022
Andriy Lunin,Ucrânia,Goleiro,22,70,80,1696,1086,12,12,43,46,15,22,0,0,0,0,0,2022
Jesús Vallejo,Espanha,Defensor,24,194,227,3439,1200,79,88,95,102,17,31,1,4,0,0,1,2022
Dani Ceballos,Espanha,"Meio Campista, Atacante",24,251,277,4045,1153,129,136,89,95,23,28,3,23,6,0,21,2022
Miguel Gutiérrez,Espanha,Defensor,20,213,241,3774,1010,106,114,73,79,27,34,4,17,6,3,24,2022
Gareth Bale,País de Gales,Atacante,32,47,68,691,183,26,32,17,22,3,6,2,3,3,2,9,2022
Antonio Blanco,Espanha,Meio Campista,21,33,35,468,132,15,16,12,12,2,2,0,6,0,0,2,2022
Peter González,República Dominicana,"Meio Campista, Defensor",19,14,18,197,31,10,10,2,4,2,3,2,0,0,0,1,2022
Mario Gila,Espanha,Defensor,20,19,22,283,104,11,11,8,9,0,2,0,1,0,0,1,2022
Sergio Santos,Espanha,Defensor,20,8,8,136,39,4,4,3,3,1,1,1,0,1,1,0,2022
Juanmi Latasa,Espanha,Atacante,20,4,5,49,0,3,3,1,1,0,0,0,0,0,0,0,2022
Thibaut Courtois,Bélgica,Goleiro,28,1453,1778,35937,21826,244,244,885,897,320,630,0,18,2,0,0,2021
Casemiro,Brasil,Meio Campista,28,2172,2615,38325,10920,971,1098,839,935,260,386,32,173,24,2,169,2021
Karim Benzema,França,Atacante,32,1344,1599,17311,2969,800,898,324,381,74,94,56,76,50,0,151,2021
Luka Modrić,Cróacia,Meio Campista,34,2755,3193,46365,13981,1338,1437,920,1046,329,441,67,294,75,7,380,2021
Raphaël Varane,França,Defensor,27,2189,2442,44472,13694,639,689,1253,1323,270,365,5,124,4,0,122,2021
Ferland Mendy,França,Defensor,25,1899,2152,26611,6456,1141,1200,558,638,96,137,26,77,29,5,129,2021
Toni Kroos,Alemanha,Meio Campista,30,2885,3221,54033,17135,1279,1337,999,1076,480,628,92,374,42,3,371,2021
Lucas Vázquez,Espanha,"Defensor, Atacante",29,1787,2109,28311,7814,984,1064,580,673,148,223,59,114,62,25,142,2021
Nacho,Espanha,Defensor,30,1526,1719,25660,8913,696,745,648,697,129,190,4,98,4,2,93,2021
Vinicius Júnior,Brasil,Atacante,20,854,1039,10567,1939,553,608,197,243,28,49,42,21,35,5,64,2021
Marco Asensio,Espanha,Atacante,24,1056,1336,15380,3113,616,688,303,381,69,123,36,53,36,10,103,2021
Federico Valverde,Uruguai,"Meio Campista, Defensor",22,932,1087,14769,3775,480,523,302,352,88,109,29,87,16,3,125,2021
Sergio Ramos,Espanha,Defensor,34,1365,1493,28347,10398,441,472,665,694,234,272,5,118,2,1,114,2021
Éder Militão,Brasil,Defensor,22,1000,1116,19893,6172,339,356,507,539,138,191,2,53,3,2,34,2021
Marcelo,Brasil,Defensor,32,796,998,12254,3807,448,498,257,317,58,112,19,84,36,11,111,2021
Rodrygo,Brasil,"Atacante, Meio Campista",19,443,563,5469,1364,291,329,100,132,15,27,22,29,21,4,39,2021
Dani Carvajal,Espanha,Defensor,28,800,954,13281,3361,393,434,305,345,73,103,11,38,16,7,57,2021
Isco,Espanha,"Atacante, Meio Campista",28,695,814,10552,3189,385,407,220,254,53,81,20,87,18,0,118,2021
Álvaro Odriozola,Espanha,Defensor,24,410,480,5960,1450,233,247,139,168,21,34,8,13,12,8,14,2021
Eden Hazard,Bélgica,Atacante,29,436,500,5365,982,282,312,92,100,18,20,8,22,9,0,27,2021
Mariano,República Dominicana,Atacante,26,91,129,1227,189,57,75,19,26,5,7,3,4,2,0,12,2021
Martin Ødegaard,Noruega,Meio Campista,21,219,256,3222,792,115,122,70,83,16,25,11,19,7,1,30,2021
Miguel Gutiérrez,Espanha,"Defensor, Meio Campista",19,240,283,3202,885,154,164,64,76,9,16,4,19,4,1,21,2021
Antonio Blanco,Espanha,Meio Campista,20,157,171,2470,650,83,89,61,62,6,9,2,12,1,1,18,2021
Víctor Chust,Espanha,Defensor,20,68,76,1390,511,17,18,44,48,7,10,0,5,0,0,4,2021
Luka Jović,Sérvia,Atacante,22,44,53,557,30,29,32,11,11,1,3,2,1,0,0,0,2021
Sergio Arribas,Espanha,Atacante,18,95,113,1339,300,60,63,28,32,5,6,1,3,4,0,11,2021
Marvin,Espanha,Atacante,20,68,85,943,245,38,41,24,28,2,6,2,2,1,0,6,2021
Andriy Lunin,Ucrânia,Goleiro,21,,,,,,,,,,,,,,,,2021
Hugo Duro,Espanha,Atacante,20,12,14,139,11,9,10,3,3,0,0,1,0,0,0,1,2021
Borja Mayoral,Espanha,Atacante,23,3,5,48,0,0,0,3,4,0,1,0,0,0,0,0,2021
Casemiro,Brasil,Meio Campista,27,2254,2703,42020,12617,1008,1112,824,968,345,472,20,244,27,6,238,2020
Karim Benzema,França,Atacante,31,1361,1606,18677,3466,870,981,315,370,86,104,76,87,69,0,208,2020
Thibaut Courtois,Bélgica,Goleiro,27,1052,1314,25887,15771,179,179,659,668,210,458,0,3,1,0,0,2020
Raphaël Varane,França,Defensor,26,1931,2210,41063,13857,561,594,1044,1129,314,444,7,100,1,0,88,2020
Sergio Ramos,Espanha,Defensor,33,2282,2510,46797,18640,820,872,1072,1129,363,453,5,200,11,0,192,2020
Dani Carvajal,Espanha,Defensor,27,2453,2925,39444,12656,1313,1433,901,1045,195,308,51,149,67,22,223,2020
Toni Kroos,Alemanha,Meio Campista,29,2708,3034,50039,14499,1303,1359,893,970,430,578,85,351,44,8,387,2020
Federico Valverde,Uruguai,Meio Campista,21,1154,1324,17398,4590,689,744,344,393,80,108,26,131,22,2,133,2020
Luka Modrić,Cróacia,Meio Campista,33,1524,1770,26053,7338,744,815,498,560,199,260,45,166,36,6,219,2020
Ferland Mendy,França,Defensor,24,1289,1517,19529,4860,777,824,370,462,101,146,24,50,28,13,74,2020
Marcelo,Brasil,Defensor,31,1041,1272,15873,5621,626,678,300,372,81,143,34,83,43,18,129,2020
Vinicius Júnior,Brasil,Atacante,19,481,624,6245,1131,318,364,121,160,14,26,27,24,15,1,38,2020
Isco,Espanha,"Meio Campista, Atacante",27,905,1063,13059,3036,545,583,261,304,59,97,26,77,21,4,113,2020
Eden Hazard,Bélgica,Atacante,28,730,861,10012,1961,488,542,157,191,48,58,32,40,22,2,80,2020
Éder Militão,Brasil,Defensor,21,757,872,14954,4674,258,273,397,438,94,139,2,22,1,1,29,2020
Rodrygo,Brasil,Atacante,18,536,648,6624,1785,379,407,113,154,17,33,21,41,23,10,41,2020
Gareth Bale,País de Gales,"Atacante, Meio Campista",30,391,542,6268,1417,224,263,119,162,39,85,12,23,17,8,37,2020
Lucas Vázquez,Espanha,"Atacante, Meio Campista",28,504,636,7435,2015,320,362,127,173,41,62,20,18,26,12,45,2020
Luka Jović,Sérvia,Atacante,21,139,178,2062,285,80,97,43,57,10,12,6,8,1,0,16,2020
Alphonse Areola,França,Goleiro,26,160,193,4126,2698,24,24,96,97,40,72,0,0,0,0,0,2020
James Rodríguez,Colômbia,Meio Campista,28,280,360,5012,1332,140,157,89,100,44,78,14,35,8,2,41,2020
Nacho,Espanha,Defensor,29,275,331,4149,1689,155,171,97,113,13,30,3,12,3,2,23,2020
Álvaro Odriozola,Espanha,Defensor,23,200,227,3114,972,113,121,67,77,16,18,5,4,4,1,10,2020
Marco Asensio,Espanha,Atacante,23,141,173,2119,452,86,95,33,47,13,18,9,5,8,2,13,2020
Brahim Díaz,Marrocos,Atacante,19,44,52,509,114,30,34,9,9,1,1,0,3,2,0,4,2020
Mariano,República Dominicana,"Atacante, Meio Campista",25,10,14,121,26,7,10,2,3,0,0,1,0,0,0,1,2020
Karim Benzema,França,Atacante,30,1207,1475,17058,2857,766,890,308,364,80,97,57,97,59,4,161,2019
Raphaël Varane,França,Defensor,25,1740,1959,36554,11766,512,555,921,983,296,385,4,92,0,0,86,2019
Sergio Ramos,Espanha,Defensor,32,2068,2260,41839,17932,751,788,962,1020,336,410,9,172,4,0,151,2019
Luka Modrić,Cróacia,Meio Campista,32,2033,2348,36223,10662,988,1066,736,828,254,328,62,274,49,6,344,2019
Toni Kroos,Alemanha,Meio Campista,28,2610,2941,50814,14870,1144,1197,977,1067,450,587,93,348,28,2,397,2019
Casemiro,Brasil,Meio Campista,26,1776,2024,33152,9261,811,896,660,719,263,326,17,136,14,2,133,2019
Thibaut Courtois,Bélgica,Goleiro,26,778,1021,22062,14828,90,90,451,454,237,472,1,2,0,0,0,2019
Dani Carvajal,Espanha,Defensor,26,1859,2188,30616,9365,988,1087,661,755,169,235,39,106,24,6,147,2019
Marcelo,Brasil,Defensor,30,1523,1873,24291,8753,862,937,501,599,123,240,40,153,59,13,229,2019
Lucas Vázquez,Espanha,"Atacante, Defensor",27,960,1194,14335,3599,601,667,263,318,75,131,39,55,44,15,86,2019
Nacho,Espanha,Defensor,28,1182,1323,21042,7064,495,537,559,608,107,139,8,72,5,2,77,2019
Gareth Bale,País de Gales,Atacante,29,737,1013,11734,2448,449,514,194,294,74,122,26,61,29,11,82,2019
Marco Asensio,Espanha,"Atacante, Meio Campista",22,1001,1224,15128,3470,599,660,304,369,72,117,41,64,51,16,121,2019
Keylor Navas,Costa Rica,Goleiro,31,302,368,8528,5774,25,25,171,172,106,171,0,2,0,0,0,2019
Dani Ceballos,Espanha,Meio Campista,21,1127,1222,18022,3930,635,670,390,408,86,98,28,112,19,5,159,2019
Álvaro Odriozola,Espanha,Defensor,22,795,930,11045,3309,507,548,243,284,30,41,20,31,17,10,54,2019
Sergio Reguilón,Espanha,Defensor,21,848,1036,12911,4187,521,565,257,314,55,105,23,74,10,5,98,2019
Vinicius Júnior,Brasil,Atacante,18,277,380,4034,736,180,216,77,109,13,25,20,7,14,5,20,2019
Isco,Espanha,"Atacante, Meio Campista",26,1044,1231,15820,3882,634,675,315,372,66,110,34,107,30,3,147,2019
Federico Valverde,Uruguai,Meio Campista,20,448,514,7490,2130,243,265,149,168,44,57,10,55,8,1,75,2019
Marcos Llorente,Espanha,Meio Campista,23,455,492,9022,1972,178,190,198,204,76,82,4,30,0,0,23,2019
Mariano,República Dominicana,Atacante,24,85,112,1267,220,55,68,24,32,4,4,8,9,3,0,14,2019
Jesús Vallejo,Espanha,Defensor,21,187,208,3858,1487,53,55,102,106,31,45,0,0,0,0,6,2019
Brahim Díaz,Marrocos,Atacante,18,142,170,1790,399,97,106,36,46,4,6,7,11,4,0,12,2019
Javi Sánchez,Espanha,Defensor,21,79,86,1959,656,15,15,41,43,23,26,0,7,0,0,7,2019
Luca Zidane,França,Goleiro,20,34,40,864,569,7,7,16,17,11,16,0,1,1,0,0,2019
Cristo González,Espanha,Atacante,20,10,11,175,63,2,2,6,6,1,1,1,0,1,0,1,2019
Fran Garcia,Espanha,Defensor,18,,,,,,,,,,,,,,,,2019
Borja Mayoral,Espanha,Atacante,21,,,,,,,,,,,,,,,,2019
Álvaro Fidalgo,Espanha,Meio Campista,21,,,,,,,,,,,,,,,,2019