Jogador,Nacionalidade,Posição,Idade,Passes c/ Bola Rolando,Passes c/ Bola Parada,Passes Em Faltas,Passes em Profundidade,Inversões de Jogo,Cruzamentos,Bolas de Lateral,Escanteios Cobrados,Passes Para Impedimentos,Passes Interceptados pelo Adversário,Temporada
Federico Valverde,Uruguai,"Meio Campista, Defensor",26,2933,119,45,4,68,46,67,3,13,33,2025
Kylian Mbappé,França,Atacante,25,1403,88,5,7,21,57,13,9,6,47,2025
Jude Bellingham,Inglaterra,Meio Campista,21,2084,69,30,26,27,31,15,1,10,37,2025
Aurélien Tchouaméni,França,"Meio Campista, Defensor",24,2449,113,76,4,16,17,8,0,3,11,2025
Thibaut Courtois,Bélgica,Goleiro,32,1204,245,47,0,2,0,0,0,1,0,2025
Antonio Rüdiger,Alemanha,Defensor,31,2538,102,68,4,25,5,10,0,6,9,2025
Vinicius Júnior,Brasil,Atacante,24,1230,53,13,19,22,112,19,17,14,66,2025
Rodrygo,Brasil,"Meio Campista, Atacante",23,1416,147,28,1,3,155,23,89,5,17,2025
Lucas Vázquez,Espanha,Defensor,33,1786,256,42,1,12,98,192,22,5,36,2025
Raúl Asencio,Espanha,Defensor,21,1298,90,43,2,10,1,13,0,1,9,2025
Fran Garcia,Espanha,Defensor,24,1485,223,31,1,5,91,192,0,3,42,2025
Luka Modrić,Cróacia,Meio Campista,38,2392,244,103,18,34,173,13,128,4,20,2025
Ferland Mendy,França,Defensor,29,1037,147,29,0,3,7,118,0,2,14,2025
Brahim Díaz,Marrocos,"Atacante, Meio Campista",24,882,28,11,9,1,19,12,0,7,20,2025
Eduardo Camavinga,França,Meio Campista,21,1027,49,23,5,9,4,26,0,5,12,2025
Dani Ceballos,Espanha,Meio Campista,27,1626,70,42,6,8,21,16,11,5,15,2025
Arda Güler,Turquia,"Meio Campista, Atacante",19,907,88,19,11,9,87,13,54,2,13,2025
Andriy Lunin,Ucrânia,Goleiro,25,177,57,9,0,2,0,0,0,2,1,2025
Éder Militão,Brasil,Defensor,26,854,43,23,0,21,2,4,0,2,4,2025
Dani Carvajal,Espanha,Defensor,32,531,70,12,0,3,25,57,0,2,15,2025
Endrick,Brasil,Atacante,18,98,10,0,1,2,2,2,0,0,0,2025
David Alaba,Áustria,Defensor,32,313,30,6,0,2,7,14,2,1,2,2025
Jacobo Ramón,Espanha,Defensor,19,97,5,5,0,0,0,0,0,0,2,2025
Jesús Vallejo,Espanha,Defensor,27,66,1,1,0,0,0,0,0,0,0,2025
Diego Aguado,Espanha,Defensor,17,,,,,,0,,,,,2025
Fran,Espanha,Goleiro,19,15,5,1,0,0,0,0,0,0,0,2025
Lorenzo Aguado,Espanha,Defensor,21,0,1,0,0,0,2,1,0,0,0,2025
Gonzalo García,Espanha,Meio Campista,20,20,0,0,0,0,0,0,0,0,0,2025
Chema,Espanha,Meio Campista,19,1,0,0,0,0,0,0,0,0,0,2025
Víctor Muñoz,Espanha,"Atacante, Defensor",21,12,0,0,0,0,2,0,0,0,1,2025
Daniel Yáñez,Espanha,Meio Campista,17,0,0,0,0,0,0,0,0,0,0,2025
Federico Valverde,Uruguai,"Meio Campista, Atacante",25,2689,40,29,15,46,43,6,0,10,31,2024
Antonio Rüdiger,Alemanha,Defensor,30,2402,63,38,3,18,8,10,0,6,10,2024
Rodrygo,Brasil,Atacante,22,1314,61,8,3,1,46,14,16,4,25,2024
Jude Bellingham,Inglaterra,"Meio Campista, Atacante",20,2062,55,19,20,17,36,14,1,13,38,2024
Dani Carvajal,Espanha,Defensor,31,1697,277,47,3,4,64,230,0,1,51,2024
Toni Kroos,Alemanha,Meio Campista,33,3104,323,175,7,78,174,14,134,9,20,2024
Nacho,Espanha,Defensor,33,1811,129,62,0,7,3,10,0,2,6,2024
Vinicius Júnior,Brasil,Atacante,23,955,32,6,12,26,94,11,7,5,53,2024
Andriy Lunin,Ucrânia,Goleiro,24,722,200,30,0,2,0,0,0,2,3,2024
Ferland Mendy,França,Defensor,28,1535,200,17,0,5,10,183,0,0,11,2024
Eduardo Camavinga,França,Meio Campista,20,1773,55,31,7,12,7,23,0,8,21,2024
Aurélien Tchouaméni,França,"Meio Campista, Defensor",23,1872,59,55,1,8,28,2,0,6,10,2024
Luka Modrić,Cróacia,Meio Campista,37,1891,198,78,7,32,135,13,96,8,25,2024
Joselu,Espanha,Atacante,33,421,18,0,2,1,8,3,0,3,10,2024
Brahim Díaz,Marrocos,"Meio Campista, Atacante",23,846,35,9,8,3,50,6,8,7,16,2024
Lucas Vázquez,Espanha,Defensor,32,1246,164,13,5,8,67,149,2,2,25,2024
Kepa Arrizabalaga,Espanha,Goleiro,28,490,108,19,0,1,0,0,0,0,1,2024
Fran Garcia,Espanha,Defensor,23,1033,145,7,2,4,76,138,0,3,26,2024
David Alaba,Áustria,Defensor,31,1036,76,24,4,8,24,12,15,4,4,2024
Dani Ceballos,Espanha,Meio Campista,26,660,24,12,5,6,21,6,6,1,12,2024
Éder Militão,Brasil,Defensor,25,312,21,10,0,8,1,2,0,1,2,2024
Arda Güler,Turquia,Meio Campista,18,205,13,4,0,3,17,2,6,0,4,2024
Thibaut Courtois,Bélgica,Goleiro,31,123,23,3,0,1,0,0,0,0,0,2024
Nicolás Paz,Argentina,Meio Campista,18,47,2,0,0,0,2,0,2,1,1,2024
Álvaro Carrillo,Espanha,Defensor,21,,,,,,1,,,,,2024
Vinicius Tobias,Brasil,Defensor,19,,,,,,2,,,,,2024
Mario Martín,Espanha,Meio Campista,19,14,1,1,0,0,0,0,0,0,0,2024
Gonzalo García,Espanha,Meio Campista,19,7,0,0,0,0,0,0,0,0,0,2024
Álvaro Rodríguez,Uruguai,Atacante,19,0,0,0,0,0,0,0,0,0,0,2024
Vinicius Júnior,Brasil,Atacante,22,1529,50,10,7,18,96,28,9,6,82,2023
Thibaut Courtois,Bélgica,Goleiro,30,1246,258,52,0,4,0,0,0,3,2,2023
Éder Militão,Brasil,Defensor,24,2202,164,68,4,48,19,27,0,4,27,2023
Federico Valverde,Uruguai,"Meio Campista, Atacante",24,2180,28,11,6,33,61,16,0,9,38,2023
Rodrygo,Brasil,Atacante,21,1344,62,7,6,10,40,10,21,10,30,2023
Antonio Rüdiger,Alemanha,Defensor,29,1956,63,30,3,24,6,21,0,0,15,2023
Toni Kroos,Alemanha,Meio Campista,32,3076,298,163,4,52,178,18,116,17,23,2023
Karim Benzema,França,Atacante,34,1310,67,4,11,7,5,4,10,8,31,2023
Eduardo Camavinga,França,"Meio Campista, Defensor",19,1822,143,44,5,11,11,99,0,9,26,2023
Dani Carvajal,Espanha,Defensor,30,1725,230,24,3,10,79,205,1,2,38,2023
Luka Modrić,Cróacia,Meio Campista,36,1981,136,55,10,28,96,11,58,2,26,2023
David Alaba,Áustria,Defensor,30,1529,127,52,4,3,46,64,5,9,15,2023
Aurélien Tchouaméni,França,Meio Campista,22,2026,47,46,9,9,13,1,0,2,12,2023
Nacho,Espanha,Defensor,32,1350,148,36,0,6,24,108,0,0,12,2023
Ferland Mendy,França,Defensor,27,1043,121,21,0,4,11,100,0,2,11,2023
Marco Asensio,Espanha,"Atacante, Meio Campista",26,911,90,21,7,10,102,12,55,5,30,2023
Dani Ceballos,Espanha,Meio Campista,25,1521,60,27,6,27,18,20,11,10,27,2023
Lucas Vázquez,Espanha,Defensor,31,967,124,15,2,8,53,109,0,4,14,2023
Andriy Lunin,Ucrânia,Goleiro,23,218,52,6,0,1,0,0,0,0,1,2023
Eden Hazard,Bélgica,"Atacante, Meio Campista",31,164,10,2,0,0,0,3,2,0,3,2023
Mariano,República Dominicana,Atacante,28,43,1,0,0,1,0,0,0,1,0,2023
Álvaro Rodríguez,Uruguai,Atacante,18,12,0,0,0,0,0,0,0,0,0,2023
Casemiro,Brasil,Meio Campista,30,8,0,0,0,1,0,0,0,0,0,2023
Álvaro Odriozola,Espanha,Defensor,26,25,3,0,0,0,3,3,0,0,0,2023
Jesús Vallejo,Espanha,Defensor,25,28,1,0,0,1,1,0,0,0,1,2023
Sergio Arribas,Espanha,Meio Campista,20,9,2,0,0,0,1,0,2,0,0,2023
Mario Martín,Espanha,Meio Campista,18,,,,,,0,,,,,2023
Thibaut Courtois,Bélgica,Goleiro,29,1307,324,64,0,4,0,0,0,5,0,2022
Éder Militão,Brasil,Defensor,23,2507,173,79,6,32,13,24,0,14,27,2022
Vinicius Júnior,Brasil,Atacante,21,1703,29,5,8,14,62,16,7,7,51,2022
David Alaba,Áustria,Defensor,29,2540,100,52,7,4,58,38,5,6,13,2022
Casemiro,Brasil,Meio Campista,29,2476,63,55,11,49,21,3,0,7,23,2022
Karim Benzema,França,Atacante,33,1679,73,4,10,11,20,2,10,15,42,2022
Luka Modrić,Cróacia,Meio Campista,35,2345,158,89,16,45,63,14,40,8,47,2022
Toni Kroos,Alemanha,Meio Campista,31,2814,265,138,5,91,132,13,114,16,20,2022
Federico Valverde,Uruguai,"Meio Campista, Atacante",23,1558,23,9,4,21,33,13,1,8,30,2022
Ferland Mendy,França,Defensor,26,1603,212,18,1,11,41,194,0,3,32,2022
Dani Carvajal,Espanha,Defensor,29,1605,248,28,4,16,61,219,0,3,25,2022
Nacho,Espanha,Defensor,31,1268,108,29,0,9,17,64,0,4,10,2022
Lucas Vázquez,Espanha,"Defensor, Atacante",30,1641,161,25,2,32,98,131,4,4,19,2022
Rodrygo,Brasil,"Atacante, Meio Campista",20,853,45,4,2,1,64,11,28,7,27,2022
Marco Asensio,Espanha,"Atacante, Meio Campista",25,892,89,15,3,16,81,17,50,5,27,2022
Eduardo Camavinga,França,Meio Campista,18,1004,24,18,7,9,3,5,0,2,13,2022
Eden Hazard,Bélgica,Atacante,30,443,17,3,1,1,16,7,6,3,5,2022
Marcelo,Brasil,Defensor,33,487,48,5,1,12,36,42,1,1,11,2022
Luka Jović,Sérvia,Atacante,23,101,5,1,1,2,0,0,0,0,2,2022
Isco,Espanha,"Atacante, Meio Campista",29,250,18,9,4,2,10,1,7,3,3,2022
Mariano,República Dominicana,Atacante,27,56,7,0,2,1,1,0,0,0,2,2022
Andriy Lunin,Ucrânia,Goleiro,22,54,26,3,0,0,0,0,0,0,0,2022
Jesús Vallejo,Espanha,Defensor,24,210,17,2,0,2,1,9,0,0,3,2022
Dani Ceballos,Espanha,"Meio Campista, Atacante",24,272,5,4,2,4,1,1,0,0,5,2022
Miguel Gutiérrez,Espanha,Defensor,20,204,37,4,0,4,13,33,0,0,6,2022
Gareth Bale,País de Gales,Atacante,32,64,1,0,0,1,3,0,0,3,2,2022
Antonio Blanco,Espanha,Meio Campista,21,35,0,0,0,0,0,0,0,0,0,2022
Peter González,República Dominicana,"Meio Campista, Defensor",19,17,1,0,0,0,1,1,0,0,1,2022
Mario Gila,Espanha,Defensor,20,21,1,0,0,0,0,0,0,0,0,2022
Sergio Santos,Espanha,Defensor,20,7,1,0,0,0,1,1,0,0,0,2022
Juanmi Latasa,Espanha,Atacante,20,5,0,0,0,0,0,0,0,0,1,2022
Thibaut Courtois,Bélgica,Goleiro,28,1376,400,79,0,5,0,1,0,2,1,2021
Casemiro,Brasil,Meio Campista,28,2548,56,50,2,46,34,6,0,11,43,2021
Karim Benzema,França,Atacante,32,1514,78,2,4,14,22,1,3,7,34,2021
Luka Modrić,Cróacia,Meio Campista,34,3012,171,104,12,75,96,19,48,10,43,2021
Raphaël Varane,França,Defensor,27,2365,75,65,0,34,3,10,0,2,20,2021
Ferland Mendy,França,Defensor,25,1882,266,14,0,15,49,252,0,4,39,2021
Toni Kroos,Alemanha,Meio Campista,30,2871,340,161,9,96,185,9,170,10,22,2021
Lucas Vázquez,Espanha,"Defensor, Atacante",29,1902,202,11,0,33,144,190,1,5,37,2021
Nacho,Espanha,Defensor,30,1625,90,38,0,19,25,52,0,4,12,2021
Vinicius Júnior,Brasil,Atacante,20,1016,20,3,3,7,55,16,1,3,29,2021
Marco Asensio,Espanha,Atacante,24,1257,72,14,2,18,128,23,35,7,46,2021
Federico Valverde,Uruguai,"Meio Campista, Defensor",22,1056,27,3,1,12,31,24,0,4,18,2021
Sergio Ramos,Espanha,Defensor,34,1457,33,27,0,54,2,6,0,3,10,2021
Éder Militão,Brasil,Defensor,22,1072,41,20,0,19,4,21,0,3,3,2021
Marcelo,Brasil,Defensor,32,878,114,14,1,11,69,100,0,6,19,2021
Rodrygo,Brasil,"Atacante, Meio Campista",19,553,8,0,2,1,38,6,2,2,19,2021
Dani Carvajal,Espanha,Defensor,28,820,130,13,0,8,32,117,0,4,19,2021
Isco,Espanha,"Atacante, Meio Campista",28,757,47,19,0,4,37,10,17,10,11,2021
Álvaro Odriozola,Espanha,Defensor,24,395,85,4,0,2,47,81,0,0,9,2021
Eden Hazard,Bélgica,Atacante,29,490,9,4,1,3,6,2,2,1,12,2021
Mariano,República Dominicana,Atacante,26,116,13,0,0,2,0,2,0,0,5,2021
Martin Ødegaard,Noruega,Meio Campista,21,239,14,3,2,0,13,0,11,3,4,2021
Miguel Gutiérrez,Espanha,"Defensor, Meio Campista",19,247,36,1,1,1,19,35,0,0,7,2021
Antonio Blanco,Espanha,Meio Campista,20,168,1,1,0,1,2,0,0,2,2,2021
Víctor Chust,Espanha,Defensor,20,73,3,2,0,0,0,1,0,0,0,2021
Luka Jović,Sérvia,Atacante,22,46,7,0,0,0,1,0,0,0,3,2021
Sergio Arribas,Espanha,Atacante,18,110,2,0,1,0,1,2,0,1,3,2021
Marvin,Espanha,Atacante,20,74,10,0,0,0,4,10,0,1,3,2021
Andriy Lunin,Ucrânia,Goleiro,21,,,,,,0,,,,,2021
Hugo Duro,Espanha,Atacante,20,14,0,0,0,0,0,0,0,0,1,2021
Borja Mayoral,Espanha,Atacante,23,5,0,0,0,1,0,0,0,0,0,2021
Casemiro,Brasil,Meio Campista,27,2622,73,73,8,72,32,0,0,8,32,2020
Karim Benzema,França,Atacante,31,1527,72,3,12,17,26,0,1,7,29,2020
Thibaut Courtois,Bélgica,Goleiro,27,978,332,72,0,1,0,0,0,4,1,2020
Raphaël Varane,França,Defensor,26,2126,78,69,1,43,3,9,0,6,13,2020
Sergio Ramos,Espanha,Defensor,33,2417,87,79,1,79,3,8,0,6,10,2020
Dani Carvajal,Espanha,Defensor,27,2525,392,30,5,24,144,362,0,8,54,2020
Toni Kroos,Alemanha,Meio Campista,29,2707,311,131,6,96,189,10,170,16,18,2020
Federico Valverde,Uruguai,Meio Campista,21,1310,12,6,6,13,26,6,0,2,19,2020
Luka Modrić,Cróacia,Meio Campista,33,1677,84,53,7,40,72,2,28,9,24,2020
Ferland Mendy,França,Defensor,24,1294,222,10,0,24,89,212,0,1,32,2020
Marcelo,Brasil,Defensor,31,1116,152,13,2,19,101,138,1,4,23,2020
Vinicius Júnior,Brasil,Atacante,19,616,6,3,2,1,46,3,0,2,29,2020
Isco,Espanha,"Meio Campista, Atacante",27,1025,35,15,8,10,45,8,11,3,24,2020
Eden Hazard,Bélgica,Atacante,28,844,16,6,2,10,21,5,4,1,14,2020
Éder Militão,Brasil,Defensor,21,824,47,27,1,7,2,20,0,1,10,2020
Rodrygo,Brasil,Atacante,18,629,16,1,0,3,56,13,2,3,14,2020
Gareth Bale,País de Gales,"Atacante, Meio Campista",30,522,15,0,0,15,49,15,0,5,12,2020
Lucas Vázquez,Espanha,"Atacante, Meio Campista",28,590,44,2,3,6,59,39,3,2,8,2020
Luka Jović,Sérvia,Atacante,21,167,10,0,1,3,0,1,0,1,2,2020
Alphonse Areola,França,Goleiro,26,136,57,17,0,0,0,0,0,0,0,2020
James Rodríguez,Colômbia,Meio Campista,28,325,33,14,5,10,33,4,14,2,10,2020
Nacho,Espanha,Defensor,29,289,41,6,0,2,26,35,0,1,5,2020
Álvaro Odriozola,Espanha,Defensor,23,173,54,4,0,0,9,50,0,0,8,2020
Marco Asensio,Espanha,Atacante,23,168,4,2,0,4,12,1,1,1,2,2020
Brahim Díaz,Marrocos,Atacante,19,50,1,1,0,0,1,0,0,1,3,2020
Mariano,República Dominicana,"Atacante, Meio Campista",25,12,2,0,0,0,0,0,0,0,0,2020
Karim Benzema,França,Atacante,30,1378,90,5,7,19,29,4,2,7,39,2019
Raphaël Varane,França,Defensor,25,1878,77,70,1,29,3,7,0,4,12,2019
Sergio Ramos,Espanha,Defensor,32,2177,74,61,3,55,2,13,0,9,6,2019
Luka Modrić,Cróacia,Meio Campista,32,2228,109,61,9,50,88,12,36,11,37,2019
Toni Kroos,Alemanha,Meio Campista,28,2600,323,138,10,101,208,10,175,18,21,2019
Casemiro,Brasil,Meio Campista,26,1942,72,67,3,47,10,5,0,10,18,2019
Thibaut Courtois,Bélgica,Goleiro,26,714,303,75,0,3,0,0,0,4,1,2019
Dani Carvajal,Espanha,Defensor,26,1874,311,43,1,37,87,267,1,3,48,2019
Marcelo,Brasil,Defensor,30,1637,222,35,6,39,105,181,6,14,33,2019
Lucas Vázquez,Espanha,"Atacante, Defensor",27,1143,45,5,4,18,103,36,4,6,41,2019
Nacho,Espanha,Defensor,28,1236,83,43,0,9,17,40,0,4,11,2019
Gareth Bale,País de Gales,Atacante,29,971,32,2,3,27,92,27,0,10,35,2019
Marco Asensio,Espanha,"Atacante, Meio Campista",22,1148,67,8,9,12,109,26,31,9,35,2019
Keylor Navas,Costa Rica,Goleiro,31,272,96,20,0,1,0,0,0,0,0,2019
Dani Ceballos,Espanha,Meio Campista,21,1173,45,29,2,13,16,13,3,4,21,2019
Álvaro Odriozola,Espanha,Defensor,22,788,140,8,0,2,89,132,0,2,32,2019
Sergio Reguilón,Espanha,Defensor,21,913,120,13,0,11,56,106,1,3,24,2019
Vinicius Júnior,Brasil,Atacante,18,371,8,1,5,0,41,3,2,1,14,2019
Isco,Espanha,"Atacante, Meio Campista",26,1163,59,20,10,12,64,7,28,9,27,2019
Federico Valverde,Uruguai,Meio Campista,20,505,8,6,2,14,6,1,1,1,10,2019
Marcos Llorente,Espanha,Meio Campista,23,480,9,8,0,9,3,1,0,3,9,2019
Mariano,República Dominicana,Atacante,24,103,9,0,2,1,1,0,0,0,3,2019
Jesús Vallejo,Espanha,Defensor,21,202,6,5,0,3,0,1,0,0,1,2019
Brahim Díaz,Marrocos,Atacante,18,166,3,1,2,0,5,2,0,1,3,2019
Javi Sánchez,Espanha,Defensor,21,83,3,3,0,3,0,0,0,0,2,2019
Luca Zidane,França,Goleiro,20,27,13,2,0,0,0,0,0,0,0,2019
Cristo González,Espanha,Atacante,20,8,2,0,0,0,0,0,0,1,0,2019
Fran Garcia,Espanha,Defensor,18,,,,,,1,,,,,2019
Borja Mayoral,Espanha,Atacante,21,,,,,,0,,,,,2019
Álvaro Fidalgo,Espanha,Meio Campista,21,,,,,,0,,,,,2019