Data,Horário,Competição,Partida,Dia,Local,Resultado,Gols Feitos,Gols Sofridos,Oponente,Gols Esperados Real Madrid,Gols Esperados Adversários,Posse de Bola Real Madrid,Público,Capitão,Formação,Formação Alternativa,Árbitro,Temporada,Observações
2024-08-14,21:00 (16:00),Super Copa da Uefa,Final da Super Copa da UEFA,Quarta-Feira,Casa,Vitória,2,0,Atalanta,,,52%,56042,Dani Carvajal,4-1-4-1,3-4-1-2,Sandro Schärer,2025,
2024-08-18,21:30 (16:30),La Liga,Rodada 1,Domingo,Fora,Empate,1,1,Mallorca,0.6,1.0,66%,23010,Dani Carvajal,4-3-3,4-3-3,César Soto,2025,
2024-08-25,17:00 (12:00),La Liga,Rodada 2,Domingo,Casa,Vitória,3,0,Valladolid,2.1,0.4,63%,70178,Dani Carvajal,4-2-3-1,4-1-4-1,Víctor García,2025,
2024-08-29,20:30 (16:30),La Liga,Rodada 3,Quinta-Feira,Fora,Empate,1,1,Las Palmas,2.5,0.8,57%,31192,Luka Modrić,4-2-3-1,4-1-4-1,Mateo Busquets,2025,
2024-09-01,21:30 (16:30),La Liga,Rodada 4,Domingo,Casa,Vitória,2,0,Real Betis,2.4,0.6,60%,73072,Dani Carvajal,4-3-3,4-2-3-1,Javier Alberola,2025,
2024-09-14,21:00 (16:00),La Liga,Rodada 5,Sábado,Fora,Vitória,2,0,Real Sociedad,2.3,1.1,52%,37370,Luka Modrić,4-2-3-1,4-5-1,Juan Martínez,2025,
2024-09-17,21:00 (16:00),Champions League,Fase de Liga,Terça-Feira,Casa,Vitória,3,1,Stuttgart,2.6,1.9,46%,71288,Dani Carvajal,4-3-3,4-2-3-1,Halil Umut Meler,2025,
2024-09-21,21:00 (16:00),La Liga,Rodada 6,Sábado,Casa,Vitória,4,1,Espanyol,4.4,0.3,73%,17284,Luka Modrić,4-3-3,5-3-2,José Luis Munuera,2025,
2024-09-24,21:00 (16:00),La Liga,Rodada 7,Terça-Feira,Casa,Vitória,3,2,Alavés,1.3,0.9,68%,67480,Lucas Vázquez,4-3-3,4-4-2,Alejandro Muñíz,2025,
2024-09-29,21:00 (16:00),La Liga,Rodada 8,Domingo,Fora,Empate,1,1,Atlético Madrid,0.8,1.3,49%,70112,Luka Modrić,4-4-2,4-4-2,Mateo Busquets,2025,
2024-10-02,21:00 (16:00),Champions League,Fase de Liga,Quarta-Feira,Fora,Derrota,0,1,Lille,2.0,1.1,58%,48205,Dani Carvajal,4-4-2,4-2-3-1,Maurizio Mariani,2025,
2024-10-05,21:00 (16:00),La Liga,Rodada 9,Sábado,Casa,Vitória,2,0,Villarreal,0.5,1.1,55%,73842,Luka Modrić,4-4-2,4-3-3,Guillermo Cuadra,2025,
2024-10-19,21:00 (16:00),La Liga,Rodada 10,Sábado,Fora,Vitória,2,1,Celta Vigo,0.7,1.8,53%,24445,Lucas Vázquez,3-4-3,3-4-3,Alejandro Hernández,2025,
2024-10-22,21:00 (16:00),Champions League,Fase de Liga,Terça-Feira,Casa,Vitória,5,2,Borussia Dortmund,3.5,1.6,52%,74642,Luka Modrić,4-3-3,4-2-3-1,István Kovács,2025,
2024-10-26,21:00 (16:00),La Liga,Rodada 11,Sábado,Casa,Derrota,0,4,Barcelona,1.5,2.6,43%,78192,Lucas Vázquez,4-4-2,4-2-3-1,Jose Maria Sánchez,2025,
2024-11-05,21:00 (17:00),Champions League,Fase de Liga,Terça-Feira,Casa,Derrota,1,3,Milan,2.6,2.5,57%,75561,Luka Modrić,4-4-2,4-2-3-1,Slavko Vinčič,2025,
2024-11-09,14:00 (10:00),La Liga,Rodada 13,Sábado,Casa,Vitória,4,0,Osasuna,3.1,0.1,68%,72462,Lucas Vázquez,4-3-3,4-3-3,Mario Melero,2025,
2024-11-24,18:30 (14:30),La Liga,Rodada 14,Domingo,Fora,Vitória,3,0,Leganés,1.8,0.1,67%,12338,Federico Valverde,4-4-2,3-4-3,Javier Alberola,2025,
2024-11-27,20:00 (17:00),Champions League,Fase de Liga,Quarta-Feira,Fora,Derrota,0,2,Liverpool,1.2,2.7,37%,59546,Luka Modrić,4-2-2-2,4-3-3,François Letexier,2025,
2024-12-01,16:15 (12:15),La Liga,Rodada 15,Domingo,Casa,Vitória,2,0,Getafe,3.2,0.5,69%,74341,Lucas Vázquez,4-3-3,4-4-2,Alejandro Hernández,2025,
2024-12-04,21:00 (17:00),La Liga,Rodada 19,Quarta-Feira,Fora,Derrota,1,2,Athletic Club,1.7,1.8,63%,51364,Lucas Vázquez,4-4-2,4-2-3-1,Jose Maria Sánchez,2025,
2024-12-07,21:00 (17:00),La Liga,Rodada 16,Sábado,Fora,Vitória,3,0,Girona,0.9,0.4,58%,13827,Luka Modrić,4-2-3-1,4-2-3-1,Jesús Gil,2025,
2024-12-10,21:00 (17:00),Champions League,Fase de Liga,Terça-Feira,Fora,Vitória,3,2,Atalanta,2.1,3.3,44%,22967,Lucas Vázquez,4-2-3-1,3-4-1-2,Szymon Marciniak,2025,
2024-12-14,21:00 (17:00),La Liga,Rodada 17,Sábado,Fora,Empate,3,3,Rayo Vallecano,0.7,1.6,66%,14168,Luka Modrić,4-2-3-1,4-4-2,Juan Martínez,2025,
2024-12-22,16:15 (12:15),La Liga,Rodada 18,Domingo,Casa,Vitória,4,2,Sevilla,2.0,1.3,59%,75227,Lucas Vázquez,4-2-3-1,4-4-2,Isidro Díaz de Mera,2025,
2025-01-03,21:00 (17:00),La Liga,Rodada 12,Sexta-Feira,Fora,Vitória,2,1,Valencia,2.7,1.3,62%,46420,Lucas Vázquez,4-2-3-1,4-4-2,César Soto,2025,
2025-01-06,19:00 (15:00),Copa del Rey,Play-Offs das Oitavas,Mon,Fora,Vitória,5,0,CD Minera,,,67%,14000,Luka Modrić,4-3-3,4-1-4-1,Javier Alberola,2025,
2025-01-09,22:00 (16:00),Supercopa de España,Semi-Finais,Quinta-Feira,Neutral,Vitória,3,0,Mallorca,,,65%,62242,Lucas Vázquez,4-2-3-1,4-4-2,Ricardo de Burgos,2025,
2025-01-12,22:00 (16:00),Supercopa de España,Final,Domingo,Neutral,Derrota,2,5,Barcelona,,,49%,62345,Lucas Vázquez,4-2-3-1,4-2-3-1,Jesús Gil,2025,
2025-01-16,21:30 (17:30),Copa del Rey,Oitavas de Finais,Quinta-Feira,Casa,Vitória,5,2,Celta Vigo,,,58%,67674,Luka Modrić,4-3-3,5-4-1,José Luis Munuera,2025,Prorrogação
2025-01-19,16:15 (12:15),La Liga,Rodada 20,Domingo,Casa,Vitória,4,1,Las Palmas,5.9,1.1,61%,74808,Lucas Vázquez,4-2-3-1,4-5-1,Alejandro Quintero,2025,
2025-01-22,21:00 (17:00),Champions League,Fase de Liga,Quarta-Feira,Casa,Vitória,5,1,RB Salzburg,2.8,0.4,70%,73692,Luka Modrić,4-3-3,4-4-2,Glenn Nyberg,2025,
2025-01-25,21:00 (17:00),La Liga,Rodada 21,Sábado,Fora,Vitória,3,0,Valladolid,2.0,0.2,68%,26025,Federico Valverde,4-2-3-1,4-3-3,Mateo Busquets,2025,
2025-01-29,21:00 (17:00),Champions League,Fase de Liga,Quarta-Feira,Fora,Vitória,3,0,Brest,2.6,1.4,59%,15405,Luka Modrić,4-2-3-1,4-3-1-2,Espen Eskås,2025,
2025-02-01,21:00 (17:00),La Liga,Rodada 22,Sábado,Fora,Derrota,0,1,Espanyol,1.3,0.3,76%,33669,Lucas Vázquez,4-2-3-1,4-2-3-1,Alejandro Muñíz,2025,
2025-02-05,21:00 (17:00),Copa del Rey,Quartas de Finais,Quarta-Feira,Fora,Vitória,3,2,Leganés,,,59%,11709,Luka Modrić,4-3-3,4-1-4-1,Javier Alberola,2025,
2025-02-08,21:00 (17:00),La Liga,Rodada 23,Sábado,Casa,Empate,1,1,Atlético Madrid,1.6,1.5,60%,78082,Lucas Vázquez,4-2-3-1,4-4-2,César Soto,2025,
2025-02-11,20:00 (17:00),Champions League,Play-Offs das Oitavas,Terça-Feira,Fora,Vitória,3,2,Manchester City,3.2,1.5,46%,52081,Federico Valverde,4-4-2,4-1-4-1,Clément Turpin,2025,Jogo de Ida
2025-02-15,16:15 (12:15),La Liga,Rodada 24,Sábado,Fora,Empate,1,1,Osasuna,1.4,1.4,55%,22390,Luka Modrić,4-4-2,4-1-4-1,José Luis Munuera,2025,
2025-02-19,21:00 (17:00),Champions League,Play-Offs das Oitavas,Quarta-Feira,Casa,Vitória,3,1,Manchester City,1.8,1.3,48%,77023,Federico Valverde,4-4-2,4-1-2-1-2,István Kovács,2025,Jogo de Volta; Real Madrid se Classificou
2025-02-23,16:15 (12:15),La Liga,Rodada 25,Domingo,Casa,Vitória,2,0,Girona,2.2,0.4,63%,74028,Luka Modrić,4-2-2-2,3-4-1-2,Guillermo Cuadra,2025,
2025-02-26,21:30 (17:30),Copa del Rey,Semi-Finais,Quarta-Feira,Fora,Vitória,1,0,Real Sociedad,,,48%,37373,Vinicius Júnior,4-4-2,4-1-4-1,Jose Maria Sánchez,2025,Jogo de Ida
2025-03-01,18:30 (14:30),La Liga,Rodada 26,Sábado,Fora,Derrota,1,2,Real Betis,0.9,2.4,58%,55873,Luka Modrić,4-3-3,4-2-3-1,Alejandro Hernández,2025,
2025-03-04,21:00 (17:00),Champions League,Oitavas de Finais,Terça-Feira,Casa,Vitória,2,1,Atlético Madrid,0.7,0.2,52%,77261,Federico Valverde,4-4-2,4-4-2,Clément Turpin,2025,Jogo de Ida
2025-03-09,16:15 (12:15),La Liga,Rodada 27,Domingo,Casa,Vitória,2,1,Rayo Vallecano,1.5,1.0,46%,74170,Luka Modrić,4-4-2,4-2-3-1,Francisco Hernández,2025,
2025-03-12,21:00 (17:00),Champions League,Oitavas de Finais,Quarta-Feira,Fora,Derrota,0,1,Atlético Madrid,1.1,1.4,62%,69304,Luka Modrić,4-4-2,4-4-2,Szymon Marciniak,2025,"Jogo de Volta; Real Madrid se classificou nas Penalidades, Real Madrid 4 x 2 Atlético Madrid."
2025-03-15,18:30 (14:30),La Liga,Rodada 28,Sábado,Fora,Vitória,2,1,Villarreal,1.1,1.6,54%,20559,Lucas Vázquez,4-2-3-1,4-4-2,Jesús Gil,2025,
2025-03-29,21:00 (17:00),La Liga,Rodada 29,Sábado,Casa,Vitória,3,2,Leganés,2.9,2.4,70%,73641,Luka Modrić,4-2-3-1,4-2-3-1,Pablo González,2025,
2025-04-01,21:30 (16:30),Copa del Rey,Semi-Finais,Terça-Feira,Casa,Empate,4,4,Real Sociedad,,,58%,81044,Lucas Vázquez,4-2-3-1,4-1-4-1,Javier Alberola,2025,Jogo de Volta; Real Madrid foi Eliminado
2025-04-05,16:15 (11:15),La Liga,Rodada 30,Sábado,Casa,Derrota,1,2,Valencia,3.4,0.8,65%,75382,Luka Modrić,4-4-2,5-4-1,Guillermo Cuadra,2025,
2025-04-08,20:00 (16:00),Champions League,Quartas de Finais,Terça-Feira,Fora,Derrota,0,3,Arsenal,0.5,1.5,47%,60110,Luka Modrić,4-4-2,4-3-3,Irfan Peljto,2025,Jogo de Ida
2025-04-13,16:15 (11:15),La Liga,Rodada 31,Domingo,Fora,Vitória,1,0,Alavés,0.9,0.6,44%,19438,Lucas Vázquez,4-1-4-1,4-2-3-1,César Soto,2025,
2025-04-16,21:00 (16:00),Champions League,Quartas de Finais,Quarta-Feira,Casa,Derrota,1,2,Arsenal,1.4,2.0,66%,77073,Lucas Vázquez,4-2-3-1,4-3-3,François Letexier,2025,Jogo de Volta; Real Madrid foi Eliminado
2025-04-20,21:00 (16:00),La Liga,Rodada 32,Domingo,Casa,Vitória,1,0,Athletic Club,1.5,0.2,73%,72535,Luka Modrić,4-3-1-2,4-2-3-1,Juan Martínez,2025,
2025-04-23,21:30 (16:30),La Liga,Rodada 33,Quarta-Feira,Fora,Vitória,1,0,Getafe,1.5,2.3,63%,15184,Lucas Vázquez,4-4-2,5-4-1,Jose Maria Sánchez,2025,
2025-04-26,22:00 (17:00),Copa del Rey,Final,Sábado,Fora,Derrota,2,3,Barcelona,,,41%,55579,Lucas Vázquez,4-2-3-1,4-2-3-1,Ricardo de Burgos,2025,Prorrogação
2025-05-04,14:00 (09:00),La Liga,Rodada 34,Domingo,Casa,Vitória,3,2,Celta Vigo,2.2,1.8,54%,67661,Lucas Vázquez,4-2-3-1,3-4-3,Jesús Gil,2025,
2025-05-11,16:15 (11:15),La Liga,Rodada 35,Domingo,Fora,Derrota,3,4,Barcelona,2.7,4.2,38%,50319,Lucas Vázquez,4-2-3-1,4-2-3-1,Alejandro Hernández,2025,
2025-05-14,21:30 (16:30),La Liga,Rodada 36,Quarta-Feira,Casa,Vitória,2,1,Mallorca,2.6,0.5,71%,60753,Luka Modrić,4-4-2,5-3-2,Javier Alberola,2025,
2025-05-18,19:00 (14:00),La Liga,Rodada 37,Domingo,Fora,Vitória,2,0,Sevilla,2.0,0.5,63%,32500,Luka Modrić,4-4-2,4-4-2,Mateo Busquets,2025,
2025-05-24,16:15 (11:15),La Liga,Rodada 38,Sábado,Casa,Vitória,2,0,Real Sociedad,2.6,0.8,62%,73186,Luka Modrić,4-3-3,4-4-2,Mario Melero,2025,
2023-08-12,21:30 (16:30),La Liga,Rodada 1,Sábado,Fora,Vitória,2,0,Athletic Club,0.9,0.4,54%,48927,Dani Carvajal,4-1-2-1-2◆,4-2-3-1,Jesús Gil,2024,
2023-08-19,19:30 (14:30),La Liga,Rodada 2,Sábado,Fora,Vitória,3,1,Almería,2.0,1.3,57%,17561,Dani Carvajal,4-3-1-2,4-2-3-1,José Sánchez,2024,
2023-08-25,21:30 (16:30),La Liga,Rodada 3,Sexta-Feira,Fora,Vitória,1,0,Celta Vigo,1.4,1.2,63%,23057,Dani Carvajal,4-1-2-1-2◆,5-3-2,Isidro Díaz de Mera,2024,
2023-09-02,16:15 (11:15),La Liga,Rodada 4,Sábado,Casa,Vitória,2,1,Getafe,2.8,0.4,76%,66747,Luka Modrić,4-3-1-2,4-1-3-2,Mario Melero,2024,
2023-09-17,21:00 (16:00),La Liga,Rodada 5,Domingo,Casa,Vitória,2,1,Real Sociedad,2.0,1.6,52%,70092,Dani Carvajal,4-1-2-1-2◆,4-3-3,César Soto,2024,
2023-09-20,18:45 (13:45),Champions League,Fase de Grupos,Quarta-Feira,Casa,Vitória,1,0,Union Berlin,3.7,0.2,75%,65207,Nacho,4-3-1-2,3-5-2,Espen Eskås,2024,
2023-09-24,21:00 (16:00),La Liga,Rodada 6,Domingo,Fora,Derrota,1,3,Atlético Madrid,1.0,1.4,63%,69082,Luka Modrić,4-1-2-1-2◆,5-3-2,Javier Alberola,2024,
2023-09-27,19:00 (14:00),La Liga,Rodada 7,Quarta-Feira,Casa,Vitória,2,0,Las Palmas,1.7,0.7,48%,65017,Nacho,4-3-1-2,4-5-1,José Luis Munuera,2024,
2023-09-30,18:30 (13:30),La Liga,Rodada 8,Sábado,Fora,Vitória,3,0,Girona,2.3,1.6,48%,14184,Nacho,4-3-1-2,4-1-4-1,Juan Pulido,2024,
2023-10-03,21:00 (16:00),Champions League,Fase de Grupos,Terça-Feira,Fora,Vitória,3,2,Napoli,1.4,1.9,50%,51649,Nacho,4-3-1-2,4-3-3,Clément Turpin,2024,
2023-10-07,16:15 (11:15),La Liga,Rodada 9,Sábado,Casa,Vitória,4,0,Osasuna,3.2,0.5,67%,70864,Luka Modrić,4-3-1-2,4-3-3,Guillermo Cuadra,2024,
2023-10-21,18:30 (13:30),La Liga,Rodada 10,Sábado,Fora,Empate,1,1,Sevilla,1.6,1.5,51%,41212,Dani Carvajal,4-1-2-1-2◆,4-3-3,Ricardo de Burgos,2024,
2023-10-24,20:00 (16:00),Champions League,Fase de Grupos,Terça-Feira,Fora,Vitória,2,1,Braga,0.9,1.5,52%,29820,Nacho,4-3-1-2,4-2-3-1,Michael Oliver,2024,
2023-10-28,16:15 (11:15),La Liga,Rodada 11,Sábado,Fora,Vitória,2,1,Barcelona,1.1,1.5,47%,50112,Dani Carvajal,4-1-3-2,3-4-1-2,Jesús Gil,2024,
2023-11-05,21:00 (17:00),La Liga,Rodada 12,Domingo,Casa,Empate,0,0,Rayo Vallecano,2.2,0.1,63%,70220,Luka Modrić,4-3-1-2,4-1-4-1,Juan Martínez,2024,
2023-11-08,21:00 (17:00),Champions League,Fase de Grupos,Quarta-Feira,Casa,Vitória,3,0,Braga,3.2,1.4,48%,68509,Nacho,4-3-1-2,4-3-3,Halil Umut Meler,2024,
2023-11-11,21:00 (17:00),La Liga,Rodada 13,Sábado,Casa,Vitória,5,1,Valencia,1.7,1.7,56%,72475,Nacho,4-4-2,4-2-3-1,José Sánchez,2024,
2023-11-26,18:30 (14:30),La Liga,Rodada 14,Domingo,Fora,Vitória,3,0,Cádiz,1.6,1.2,61%,20325,Nacho,4-2-2-2,5-4-1,Guillermo Cuadra,2024,
2023-11-29,21:00 (17:00),Champions League,Fase de Grupos,Quarta-Feira,Casa,Vitória,4,2,Napoli,2.8,1.4,53%,73562,Dani Carvajal,4-2-2-2,4-3-3,François Letexier,2024,
2023-12-02,18:30 (14:30),La Liga,Rodada 15,Sábado,Casa,Vitória,2,0,Granada,1.8,0.1,71%,70685,Dani Carvajal,4-4-2,4-4-2,Pablo González,2024,
2023-12-09,16:15 (12:15),La Liga,Rodada 16,Sábado,Fora,Empate,1,1,Real Betis,1.0,1.3,63%,52756,Luka Modrić,4-2-3-1,4-2-3-1,César Soto,2024,
2023-12-12,21:00 (17:00),Champions League,Fase de Grupos,Terça-Feira,Fora,Vitória,3,2,Union Berlin,2.9,1.1,74%,73420,Nacho,4-2-2-2,5-3-2,Rade Obrenović,2024,
2023-12-17,21:00 (17:00),La Liga,Rodada 17,Domingo,Casa,Vitória,4,1,Villarreal,2.3,0.8,60%,70500,Luka Modrić,4-4-2,4-4-2,Jorge Figueroa,2024,
2023-12-21,21:30 (17:30),La Liga,Rodada 18,Quinta-Feira,Fora,Vitória,1,0,Alavés,0.6,0.6,60%,19275,Nacho,4-3-1-2,4-2-3-1,Isidro Díaz de Mera,2024,
2024-01-03,19:15 (15:15),La Liga,Rodada 19,Quarta-Feira,Casa,Vitória,1,0,Mallorca,1.7,0.6,67%,72394,Luka Modrić,4-2-2-2,5-4-1,Alejandro Muñíz,2024,
2024-01-06,21:30 (17:30),Copa del Rey,Play-Offs das Oitavas,Sábado,Fora,Vitória,3,1,Arandina,,,78%,10000,Nacho,4-2-3-1,3-5-2,Víctor García,2024,
2024-01-10,22:00 (16:00),Supercopa de España,Semi-Finais,Quarta-Feira,Casa,Vitória,5,3,Atlético Madrid,,,56%,25000,Nacho,4-3-1-2,3-5-2,Alberola Rojas,2024,Prorrogação
2024-01-14,22:00 (16:00),Supercopa de España,Final,Domingo,Casa,Vitória,4,1,Barcelona,,,43%,23977,Nacho,4-3-1-2,4-2-3-1,Juan Martínez,2024,
2024-01-18,21:30 (17:30),Copa del Rey,Oitavas de Finais,Quinta-Feira,Fora,Derrota,2,4,Atlético Madrid,,,59%,67623,Nacho,4-3-1-2,3-5-2,Guillermo Cuadra,2024,Prorrogação
2024-01-21,16:15 (12:15),La Liga,Rodada 21,Domingo,Casa,Vitória,3,2,Almería,2.2,0.9,73%,72044,Nacho,4-3-1-2,5-4-1,Francisco Hernández,2024,
2024-01-27,15:15 (12:15),La Liga,Rodada 22,Sábado,Fora,Vitória,2,1,Las Palmas,2.3,0.7,47%,32037,Nacho,4-3-1-2,4-5-1,César Soto,2024,
2024-02-01,21:00 (17:00),La Liga,Rodada 20,Quinta-Feira,Fora,Vitória,2,0,Getafe,2.0,0.8,58%,15264,Nacho,4-3-1-2,4-4-2,Ricardo de Burgos,2024,
2024-02-04,21:00 (17:00),La Liga,Rodada 23,Domingo,Casa,Empate,1,1,Atlético Madrid,1.9,1.1,54%,76732,Nacho,4-3-1-2,3-5-2,José Sánchez,2024,
2024-02-10,18:30 (14:30),La Liga,Rodada 24,Sábado,Casa,Vitória,4,0,Girona,3.2,0.3,53%,76585,Dani Carvajal,4-3-1-2,4-2-3-1,Juan Martínez,2024,
2024-02-13,21:00 (17:00),Champions League,Oitavas de Finais,Terça-Feira,Fora,Vitória,1,0,RB Leipzig,1.4,1.4,50%,45028,Nacho,4-3-1-2,4-2-2-2,Irfan Peljto,2024,Jogo de Ida
2024-02-18,14:00 (10:00),La Liga,Rodada 25,Domingo,Fora,Empate,1,1,Rayo Vallecano,1.1,1.1,59%,14354,Nacho,4-2-3-1,4-4-2,Alejandro Muñíz,2024,
2024-02-25,21:00 (17:00),La Liga,Rodada 26,Domingo,Casa,Vitória,1,0,Sevilla,1.0,0.8,64%,74969,Nacho,4-3-3,5-3-2,Isidro Díaz de Mera,2024,
2024-03-02,21:00 (17:00),La Liga,Rodada 27,Sábado,Fora,Empate,2,2,Valencia,2.2,1.1,70%,47427,Dani Carvajal,4-3-1-2,4-4-2,Jesús Gil,2024,
2024-03-06,21:00 (17:00),Champions League,Oitavas de Finais,Quarta-Feira,Casa,Empate,1,1,RB Leipzig,0.8,1.0,53%,76126,Nacho,4-3-3,4-2-2-2,Davide Massa,2024,Jogo de Volta; Real Madrid se Classificou.
2024-03-10,18:30 (14:30),La Liga,Rodada 28,Domingo,Casa,Vitória,4,0,Celta Vigo,3.4,0.8,62%,73644,Nacho,4-3-1-2,5-3-2,Mario Melero,2024,
2024-03-16,16:15 (12:15),La Liga,Rodada 29,Sábado,Fora,Vitória,4,2,Osasuna,2.9,0.7,64%,22430,Dani Carvajal,4-3-3,3-5-2,Juan Martínez,2024,
2024-03-31,21:00 (16:00),La Liga,Rodada 30,Domingo,Casa,Vitória,2,0,Athletic Club,1.1,0.3,58%,72991,Nacho,4-2-2-2,4-2-3-1,Javier Alberola,2024,
2024-04-09,21:00 (16:00),Champions League,Quartas de Finais,Terça-Feira,Casa,Empate,3,3,Manchester City,0.7,0.8,39%,76680,Dani Carvajal,4-2-3-1,4-2-3-1,François Letexier,2024,Jogo de Ida
2024-04-13,18:30 (13:30),La Liga,Rodada 31,Sábado,Fora,Vitória,1,0,Mallorca,1.5,0.6,56%,23244,Nacho,4-2-3-1,5-4-1,José Sánchez,2024,
2024-04-17,20:00 (16:00),Champions League,Quartas de Finais,Quarta-Feira,Fora,Empate,1,1,Manchester City,1.4,2.7,33%,52306,Nacho,4-2-3-1,4-1-4-1,Daniele Orsato,2024,"Jogo de Volta; Real Madrid se Classificou nas Penalidades, Real Madrid 4 x 3 Manchester City"
2024-04-21,21:00 (16:00),La Liga,Rodada 32,Domingo,Casa,Vitória,3,2,Barcelona,2.3,1.4,47%,77981,Luka Modrić,4-1-2-1-2◆,4-3-3,César Soto,2024,
2024-04-26,21:00 (16:00),La Liga,Rodada 33,Sexta-Feira,Fora,Vitória,1,0,Real Sociedad,0.4,0.6,44%,37109,Nacho,4-2-3-1,4-1-4-1,José Luis Munuera,2024,
2024-04-30,21:00 (16:00),Champions League,Semi-Finais,Terça-Feira,Fora,Empate,2,2,Bayern Munich,1.9,1.6,49%,75000,Nacho,4-4-2,4-2-3-1,Clément Turpin,2024,Jogo de Ida
2024-05-04,16:15 (11:15),La Liga,Rodada 34,Sábado,Casa,Vitória,3,0,Cádiz,2.3,0.9,70%,72654,Nacho,4-3-3,4-5-1,Javier Villanueva,2024,
2024-05-08,21:00 (16:00),Champions League,Semi-Finais,Quarta-Feira,Casa,Vitória,2,1,Bayern Munich,2.8,0.4,57%,76579,Nacho,4-4-2,4-2-3-1,Szymon Marciniak,2024,Jogo de Volta; Real Madrid se Classificou
2024-05-11,18:30 (13:30),La Liga,Rodada 35,Sábado,Fora,Vitória,4,0,Granada,1.5,1.0,58%,20058,Luka Modrić,4-3-3,4-4-2,Pablo González,2024,
2024-05-14,21:30 (16:30),La Liga,Rodada 36,Terça-Feira,Casa,Vitória,5,0,Alavés,2.5,1.3,71%,68954,Nacho,4-3-1-2,4-2-3-1,Mateo Busquets,2024,
2024-05-19,19:00 (14:00),La Liga,Rodada 37,Domingo,Fora,Empate,4,4,Villarreal,1.0,1.7,57%,21671,Luka Modrić,4-2-3-1,4-4-2,Alejandro Hernández,2024,
2024-05-25,21:00 (16:00),La Liga,Rodada 38,Sábado,Casa,Empate,0,0,Real Betis,1.0,0.7,59%,73614,Nacho,4-3-1-2,4-4-1-1,Isidro Díaz de Mera,2024,
2024-06-01,20:00 (16:00),Champions League,Final,Sábado,Fora,Vitória,2,0,Borussia Dortmund,1.1,2.1,57%,86212,Nacho,4-3-1-2,4-3-3,Slavko Vinčič,2024,
2022-08-10,22:00 (16:00),Super Copa da Uefa,Final da Super Copa da UEFA,Quarta-Feira,Casa,Vitória,2,0,Eintracht Frankfurt,,,58%,31042,Karim Benzema,4-3-3,3-4-3,Michael Oliver,2023,
2022-08-14,22:00 (17:00),La Liga,Rodada 1,Domingo,Fora,Vitória,2,1,Almería,2.1,0.7,67%,14386,Karim Benzema,4-3-3,5-3-2,Juan Martínez,2023,
2022-08-20,22:00 (17:00),La Liga,Rodada 2,Sábado,Fora,Vitória,4,1,Celta Vigo,3.7,1.4,49%,15681,Karim Benzema,4-3-3,4-1-3-2,Jesús Gil,2023,
2022-08-28,22:00 (17:00),La Liga,Rodada 3,Domingo,Fora,Vitória,3,1,Espanyol,2.1,1.3,64%,25778,Karim Benzema,4-3-3,4-1-4-1,Mario Melero,2023,
2022-09-03,16:15 (11:15),La Liga,Rodada 4,Sábado,Casa,Vitória,2,1,Real Betis,2.9,0.5,49%,58579,Karim Benzema,4-3-3,4-2-3-1,José Sánchez,2023,
2022-09-06,20:00 (16:00),Champions League,Fase de Grupos,Terça-Feira,Fora,Vitória,3,0,Celtic,1.9,1.4,64%,57057,Karim Benzema,4-3-3,4-2-3-1,Sandro Schärer,2023,
2022-09-11,14:00 (09:00),La Liga,Rodada 5,Domingo,Casa,Vitória,4,1,Mallorca,2.3,0.5,68%,54816,Toni Kroos,4-3-3,5-3-2,Jorge Figueroa,2023,
2022-09-14,21:00 (16:00),Champions League,Fase de Grupos,Quarta-Feira,Casa,Vitória,2,0,RB Leipzig,0.9,0.7,52%,54289,Nacho,4-3-3,4-2-3-1,Maurizio Mariani,2023,
2022-09-18,21:00 (16:00),La Liga,Rodada 6,Domingo,Fora,Vitória,2,1,Atlético Madrid,0.9,1.0,46%,66881,Luka Modrić,4-3-3,3-5-2,José Luis Munuera,2023,
2022-10-02,21:00 (16:00),La Liga,Rodada 7,Domingo,Casa,Empate,1,1,Osasuna,2.5,0.5,64%,55410,Karim Benzema,4-3-3,4-1-4-1,Guillermo Cuadra,2023,
2022-10-05,21:00 (16:00),Champions League,Fase de Grupos,Quarta-Feira,Casa,Vitória,2,1,Shakhtar Donetsk,3.4,0.8,59%,56011,Karim Benzema,4-3-3,4-1-4-1,Ivan Kružliak,2023,
2022-10-08,21:00 (16:00),La Liga,Rodada 8,Sábado,Fora,Vitória,1,0,Getafe,1.4,0.3,65%,14502,Luka Modrić,4-3-3,5-3-2,Antonio Matéu Lahoz,2023,
2022-10-11,22:00 (16:00),Champions League,Fase de Grupos,Terça-Feira,Fora,Empate,1,1,Shakhtar Donetsk,1.1,0.5,58%,29030,Karim Benzema,4-2-3-1,4-1-4-1,Orel Grinfeeld,2023,
2022-10-16,16:15 (11:15),La Liga,Rodada 9,Domingo,Casa,Vitória,3,1,Barcelona,1.1,2.0,44%,62876,Karim Benzema,4-3-3,4-3-3,José Sánchez,2023,
2022-10-19,21:00 (16:00),La Liga,Rodada 10,Quarta-Feira,Fora,Vitória,3,0,Elche,1.5,0.8,62%,30236,Karim Benzema,4-3-3,4-1-4-1,Jesús Gil,2023,
2022-10-22,21:00 (16:00),La Liga,Rodada 11,Sábado,Casa,Vitória,3,1,Sevilla,3.0,0.5,56%,59625,Luka Modrić,4-3-3,4-3-3,Alejandro Hernández,2023,
2022-10-25,21:00 (16:00),Champions League,Fase de Grupos,Terça-Feira,Fora,Derrota,2,3,RB Leipzig,2.1,2.2,56%,45228,Nacho,4-2-3-1,4-2-3-1,Daniele Orsato,2023,
2022-10-30,16:15 (12:15),La Liga,Rodada 12,Domingo,Casa,Empate,1,1,Girona,2.9,1.4,58%,58367,Luka Modrić,4-3-3,4-1-4-1,Mario Melero,2023,
2022-11-02,18:45 (14:45),Champions League,Fase de Grupos,Quarta-Feira,Casa,Vitória,5,1,Celtic,3.8,2.1,64%,52511,Luka Modrić,4-3-3,4-5-1,Stéphanie Frappart,2023,
2022-11-07,21:00 (17:00),La Liga,Rodada 13,Mon,Fora,Derrota,2,3,Rayo Vallecano,2.4,1.5,54%,14216,Luka Modrić,4-3-3,4-2-3-1,Juan Martínez,2023,
2022-11-10,21:30 (17:30),La Liga,Rodada 14,Quinta-Feira,Casa,Vitória,2,1,Cádiz,2.0,0.9,66%,53190,Luka Modrić,4-3-3,4-4-2,César Soto,2023,
2022-12-30,21:30 (17:30),La Liga,Rodada 15,Sexta-Feira,Fora,Vitória,2,0,Valladolid,2.3,0.6,61%,25950,Karim Benzema,4-3-3,4-3-3,José Luis Munuera,2023,
2023-01-03,21:00 (17:00),Copa del Rey,Play-Offs das Oitavas,Terça-Feira,Fora,Vitória,1,0,Cacereño,,,56%,15000,Nacho,4-3-3,4-4-1-1,Guillermo Cuadra,2023,
2023-01-07,16:15 (12:15),La Liga,Rodada 16,Sábado,Fora,Derrota,1,2,Villarreal,2.2,3.0,51%,21088,Karim Benzema,4-3-3,4-3-3,César Soto,2023,
2023-01-11,22:00 (16:00),Supercopa de España,Semi-Finais,Quarta-Feira,Casa,Empate,1,1,Valencia,,,58%,50492,Karim Benzema,4-3-3,4-4-2,Alejandro Hernández,2023,"Real Madrid se Classificou nas Penalidades, Real Madrid 4 x 3 Valência"
2023-01-15,22:00 (16:00),Supercopa de España,Final,Domingo,Casa,Derrota,1,3,Barcelona,,,47%,57340,Karim Benzema,4-3-3,4-2-3-1,Ricardo de Burgos,2023,
2023-01-19,21:00 (17:00),Copa del Rey,Oitavas de Finais,Quinta-Feira,Fora,Vitória,3,2,Villarreal,,,47%,20124,Karim Benzema,4-3-3,4-3-3,Jesús Gil,2023,
2023-01-22,21:00 (17:00),La Liga,Rodada 18,Domingo,Fora,Vitória,2,0,Athletic Club,1.1,1.1,49%,49316,Karim Benzema,4-3-3,4-2-3-1,José Sánchez,2023,
2023-01-26,21:00 (17:00),Copa del Rey,Quartas de Finais,Quinta-Feira,Casa,Vitória,3,1,Atlético Madrid,,,61%,68000,Karim Benzema,4-3-3,4-2-3-1,César Soto,2023,Prorrogação
2023-01-29,21:00 (17:00),La Liga,Rodada 19,Domingo,Casa,Empate,0,0,Real Sociedad,1.3,0.4,61%,58129,Karim Benzema,4-3-3,4-3-3,Mario Melero,2023,
2023-02-02,21:00 (17:00),La Liga,Rodada 17,Quinta-Feira,Casa,Vitória,2,0,Valencia,2.3,0.2,70%,51926,Karim Benzema,4-3-3,4-3-3,Alberola Rojas,2023,
2023-02-05,14:00 (10:00),La Liga,Rodada 20,Domingo,Fora,Derrota,0,1,Mallorca,1.7,0.2,73%,18258,Nacho,4-3-3,5-4-1,Alejandro Hernández,2023,
2023-02-15,21:00 (17:00),La Liga,Rodada 21,Quarta-Feira,Casa,Vitória,4,0,Elche,4.1,0.6,72%,44319,Karim Benzema,4-3-3,3-5-2,Ricardo de Burgos,2023,
2023-02-18,21:00 (17:00),La Liga,Rodada 22,Sábado,Fora,Vitória,2,0,Osasuna,1.3,0.5,53%,21668,Nacho,4-3-3,4-2-3-1,José Luis Munuera,2023,
2023-02-21,20:00 (17:00),Champions League,Oitavas de Finais,Terça-Feira,Fora,Vitória,5,2,Liverpool,1.6,1.8,48%,52337,Karim Benzema,4-3-3,4-3-3,István Kovács,2023,Jogo de Ida
2023-02-25,18:30 (14:30),La Liga,Rodada 23,Sábado,Casa,Empate,1,1,Atlético Madrid,1.6,0.3,62%,64721,Karim Benzema,4-3-3,4-4-2,Jesús Gil,2023,
2023-03-02,21:00 (17:00),Copa del Rey,Semi-Finais,Quinta-Feira,Casa,Derrota,0,1,Barcelona,,,65%,60000,Karim Benzema,4-2-3-1,4-3-3,José Luis Munuera,2023,Jogo de Ida
2023-03-05,21:00 (17:00),La Liga,Rodada 24,Domingo,Fora,Empate,0,0,Real Betis,1.5,0.5,63%,52212,Karim Benzema,4-4-2,4-2-3-1,César Soto,2023,
2023-03-11,14:00 (10:00),La Liga,Rodada 25,Sábado,Casa,Vitória,3,1,Espanyol,1.7,1.2,71%,59872,Nacho,4-3-3,4-4-2,Jorge Figueroa,2023,
2023-03-15,21:00 (17:00),Champions League,Oitavas de Finais,Quarta-Feira,Casa,Vitória,1,0,Liverpool,2.2,0.6,54%,63127,Karim Benzema,4-3-3,4-3-3,Felix Zwayer,2023,Jogo de Volta; Real Madrid se Classificou
2023-03-19,21:00 (17:00),La Liga,Rodada 26,Domingo,Fora,Derrota,1,2,Barcelona,0.5,1.6,46%,95745,Karim Benzema,4-2-3-1,4-3-3,Ricardo de Burgos,2023,
2023-04-02,16:15 (11:15),La Liga,Rodada 27,Domingo,Casa,Vitória,6,0,Valladolid,4.5,0.8,60%,59400,Karim Benzema,4-2-3-1,3-5-2,Juan Pulido,2023,
2023-04-05,21:00 (16:00),Copa del Rey,Semi-Finais,Quarta-Feira,Fora,Vitória,4,0,Barcelona,,,47%,94902,Karim Benzema,4-3-3,4-3-3,Juan Martínez,2023,Jogo de Volta; Real Madrid se Classificou
2023-04-08,21:00 (16:00),La Liga,Rodada 28,Sábado,Casa,Derrota,2,3,Villarreal,2.4,1.5,49%,57887,Karim Benzema,4-3-3,4-3-3,Alberola Rojas,2023,
2023-04-12,21:00 (16:00),Champions League,Quartas de Finais,Quarta-Feira,Casa,Vitória,2,0,Chelsea,2.3,0.7,57%,63142,Karim Benzema,4-3-3,3-5-2,François Letexier,2023,Jogo de Ida
2023-04-15,21:00 (16:00),La Liga,Rodada 29,Sábado,Fora,Vitória,2,0,Cádiz,3.5,0.7,69%,19833,Karim Benzema,4-3-3,4-4-2,Jesús Gil,2023,
2023-04-18,20:00 (16:00),Champions League,Quartas de Finais,Terça-Feira,Fora,Vitória,2,0,Chelsea,1.8,1.9,46%,39453,Karim Benzema,4-3-3,3-4-3,Daniele Orsato,2023,Jogo de Volta; Real Madrid se Classificou
2023-04-22,21:00 (16:00),La Liga,Rodada 30,Sábado,Casa,Vitória,2,0,Celta Vigo,1.5,0.9,66%,60386,Karim Benzema,4-3-3,4-4-2,Antonio Matéu,2023,
2023-04-25,19:30 (14:30),La Liga,Rodada 31,Terça-Feira,Fora,Derrota,2,4,Girona,1.8,2.3,71%,13306,Nacho,4-3-3,4-1-4-1,Javier Villanueva,2023,
2023-04-29,18:30 (13:30),La Liga,Rodada 32,Sábado,Casa,Vitória,4,2,Almería,2.8,1.3,68%,58036,Karim Benzema,4-3-3,4-5-1,Guillermo Cuadra,2023,
2023-05-02,22:00 (17:00),La Liga,Rodada 33,Terça-Feira,Fora,Derrota,0,2,Real Sociedad,0.8,1.9,47%,35314,Nacho,4-3-3,4-1-4-1,Juan Pulido,2023,
2023-05-06,22:00 (17:00),Copa del Rey,Final,Sábado,Casa,Vitória,2,1,Osasuna,,,59%,55579,Karim Benzema,4-3-3,4-2-3-1,José Sánchez,2023,
2023-05-09,21:00 (16:00),Champions League,Semi-Finais,Terça-Feira,Casa,Empate,1,1,Manchester City,0.7,0.5,45%,63485,Karim Benzema,4-3-3,3-2-4-1,Artur Dias,2023,Jogo de Ida
2023-05-13,21:00 (16:00),La Liga,Rodada 34,Sábado,Casa,Vitória,1,0,Getafe,0.9,0.7,75%,52201,Nacho,4-3-3,4-3-3,Juan Martínez,2023,
2023-05-17,20:00 (16:00),Champions League,Semi-Finais,Quarta-Feira,Fora,Derrota,0,4,Manchester City,0.5,2.8,41%,52313,Karim Benzema,4-3-3,3-2-4-1,Szymon Marciniak,2023,Jogo de Volta; Real Madrid foi Eliminado
2023-05-21,18:30 (13:30),La Liga,Rodada 35,Domingo,Fora,Derrota,0,1,Valencia,1.4,1.0,73%,46002,Karim Benzema,4-3-3,4-2-3-1,Ricardo de Burgos,2023,
2023-05-24,19:30 (14:30),La Liga,Rodada 36,Quarta-Feira,Casa,Vitória,2,1,Rayo Vallecano,1.3,0.7,61%,45811,Karim Benzema,4-1-4-1,4-2-3-1,Jesús Gil,2023,
2023-05-27,19:00 (14:00),La Liga,Rodada 37,Sábado,Fora,Vitória,2,1,Sevilla,0.8,1.2,67%,29856,Luka Modrić,4-3-3,4-2-3-1,César Soto,2023,
2023-06-04,18:30 (13:30),La Liga,Rodada 38,Domingo,Casa,Empate,1,1,Athletic Club,1.8,2.3,64%,60781,Karim Benzema,4-3-3,4-2-3-1,Isidro Díaz de Mera,2023,
2021-08-14,22:00 (17:00),La Liga,Rodada 1,Sábado,Fora,Vitória,4,1,Alavés,1.7,1.7,58%,3968,Karim Benzema,4-3-3,4-2-3-1,César Soto,2022,
2021-08-22,22:00 (17:00),La Liga,Rodada 2,Domingo,Fora,Empate,3,3,Levante,1.6,1.9,61%,9838,Karim Benzema,4-3-3,4-3-3,Guillermo Cuadra,2022,
2021-08-28,22:00 (17:00),La Liga,Rodada 3,Sábado,Fora,Vitória,1,0,Real Betis,0.9,0.6,50%,22590,Karim Benzema,4-3-3,4-2-3-1,Alejandro Hernández,2022,
2021-09-12,21:00 (16:00),La Liga,Rodada 4,Domingo,Casa,Vitória,5,2,Celta Vigo,3.2,1.8,60%,19874,Karim Benzema,4-4-2,4-1-3-2,José Sánchez,2022,
2021-09-15,21:00 (16:00),Champions League,Fase de Grupos,Quarta-Feira,Fora,Vitória,1,0,Internazionale,1.2,2.4,53%,37082,Karim Benzema,4-3-3,3-5-2,Daniel Siebert,2022,
2021-09-19,21:00 (16:00),La Liga,Rodada 5,Domingo,Fora,Vitória,2,1,Valencia,1.3,0.9,61%,26689,Karim Benzema,4-4-1-1,4-4-2,Pablo González,2022,
2021-09-22,22:00 (17:00),La Liga,Rodada 6,Quarta-Feira,Casa,Vitória,6,1,Mallorca,2.6,1.4,59%,20113,Karim Benzema,4-3-3,4-2-3-1,Alberola Rojas,2022,
2021-09-25,21:00 (16:00),La Liga,Rodada 7,Sábado,Casa,Empate,0,0,Villarreal,1.1,0.5,48%,23985,Karim Benzema,4-3-3,4-3-3,Jesús Gil,2022,
2021-09-28,21:00 (16:00),Champions League,Fase de Grupos,Terça-Feira,Casa,Derrota,1,2,Sheriff Tiraspol,3.1,0.4,75%,24522,Karim Benzema,4-3-3,4-2-3-1,Lawrence Visser,2022,
2021-10-03,16:15 (11:15),La Liga,Rodada 8,Domingo,Fora,Derrota,1,2,Espanyol,1.6,1.2,65%,23377,Karim Benzema,4-1-3-2,4-1-4-1,Guillermo Cuadra,2022,
2021-10-19,22:00 (16:00),Champions League,Fase de Grupos,Terça-Feira,Fora,Vitória,5,0,Shakhtar Donetsk,2.6,0.7,58%,34037,Karim Benzema,4-3-3,4-2-3-1,Srđan Jovanović,2022,
2021-10-24,16:15 (11:15),La Liga,Rodada 10,Domingo,Fora,Vitória,2,1,Barcelona,1.5,1.6,49%,86422,Karim Benzema,4-3-3,4-3-3,José Sánchez,2022,
2021-10-27,21:30 (16:30),La Liga,Rodada 11,Quarta-Feira,Casa,Empate,0,0,Osasuna,0.7,0.5,74%,35691,Karim Benzema,4-3-3,5-3-2,César Soto,2022,
2021-10-30,14:00 (09:00),La Liga,Rodada 12,Sábado,Fora,Vitória,2,1,Elche,1.1,1.1,56%,23010,Marcelo,4-3-3,4-4-1-1,Ricardo de Burgos,2022,
2021-11-03,18:45 (14:45),Champions League,Fase de Grupos,Quarta-Feira,Casa,Vitória,2,1,Shakhtar Donetsk,2.0,1.3,54%,38105,Karim Benzema,4-3-3,4-2-3-1,Benoît Bastien,2022,
2021-11-06,21:00 (17:00),La Liga,Rodada 13,Sábado,Casa,Vitória,2,1,Rayo Vallecano,2.1,1.4,54%,43283,Karim Benzema,4-3-3,4-2-3-1,Pablo González,2022,
2021-11-21,16:15 (12:15),La Liga,Rodada 14,Domingo,Fora,Vitória,4,1,Granada,3.5,0.7,68%,17460,Karim Benzema,4-3-3,4-4-2,Juan Martínez,2022,
2021-11-24,22:00 (17:00),Champions League,Fase de Grupos,Quarta-Feira,Fora,Vitória,3,0,Sheriff Tiraspol,1.5,1.4,69%,5932,Karim Benzema,4-3-3,4-2-3-1,Szymon Marciniak,2022,
2021-11-28,21:00 (17:00),La Liga,Rodada 15,Domingo,Casa,Vitória,2,1,Sevilla,1.2,0.7,53%,45281,Karim Benzema,4-3-3,4-3-3,José Sánchez,2022,
2021-12-01,21:00 (17:00),La Liga,Rodada 9,Quarta-Feira,Casa,Vitória,1,0,Athletic Club,1.8,2.4,62%,33627,Karim Benzema,4-3-3,4-4-2,Isidro Díaz de Mera,2022,
2021-12-04,21:00 (17:00),La Liga,Rodada 16,Sábado,Fora,Vitória,2,0,Real Sociedad,1.6,0.7,49%,35765,Karim Benzema,4-3-3,4-4-2,Jesús Gil,2022,
2021-12-07,21:00 (17:00),Champions League,Fase de Grupos,Terça-Feira,Casa,Vitória,2,0,Internazionale,1.2,0.9,50%,44887,Luka Modrić,4-3-3,3-5-2,Felix Brych,2022,
2021-12-12,21:00 (17:00),La Liga,Rodada 17,Domingo,Casa,Vitória,2,0,Atlético Madrid,0.4,0.7,61%,51024,Karim Benzema,4-3-3,4-4-2,Antonio Matéu Lahoz,2022,
2021-12-19,21:00 (17:00),La Liga,Rodada 18,Domingo,Casa,Empate,0,0,Cádiz,2.0,0.2,82%,38818,Karim Benzema,4-3-3,4-2-3-1,Santiago Jaime,2022,
2021-12-22,21:30 (17:30),La Liga,Rodada 21,Quarta-Feira,Fora,Vitória,2,1,Athletic Club,1.1,1.0,59%,42722,Karim Benzema,4-3-3,4-4-2,César Soto,2022,
2022-01-02,14:00 (10:00),La Liga,Rodada 19,Domingo,Fora,Derrota,0,1,Getafe,0.7,0.9,73%,11890,Karim Benzema,4-3-3,5-3-2,Mario Melero,2022,
2022-01-05,21:30 (17:30),Copa del Rey,Play-Offs das Oitavas,Quarta-Feira,Fora,Vitória,3,1,Alcoyano,,,58%,4850,Marcelo,4-3-3,4-2-3-1,Adrián Cordero,2022,
2022-01-08,21:00 (17:00),La Liga,Rodada 20,Sábado,Casa,Vitória,4,1,Valencia,3.9,1.3,67%,40617,Karim Benzema,4-3-3,4-4-2,Alejandro Hernández,2022,
2022-01-12,22:00 (16:00),Supercopa de España,Semi-Finais,Quarta-Feira,Fora,Vitória,3,2,Barcelona,,,47%,0,Karim Benzema,4-3-3,4-3-3,José Luis Munuera,2022,Prorrogação
2022-01-16,21:30 (15:30),Supercopa de España,Final,Domingo,Fora,Vitória,2,0,Athletic Club,,,57%,0,Karim Benzema,4-3-3,4-4-2,César Soto,2022,
2022-01-20,19:00 (15:00),Copa del Rey,Oitavas de Finais,Quinta-Feira,Fora,Vitória,2,1,Elche,,,59%,23528,Marcelo,4-3-3,4-4-2,Jorge Figueroa,2022,Prorrogação
2022-01-23,16:15 (12:15),La Liga,Rodada 22,Domingo,Casa,Empate,2,2,Elche,3.4,0.6,65%,39796,Karim Benzema,4-3-3,4-4-2,Ricardo de Burgos,2022,
2022-02-03,21:30 (17:30),Copa del Rey,Quartas de Finais,Quinta-Feira,Fora,Derrota,0,1,Athletic Club,,,58%,38750,Nacho,4-3-3,4-4-2,Jesús Gil,2022,
2022-02-06,21:00 (17:00),La Liga,Rodada 23,Domingo,Casa,Vitória,1,0,Granada,2.1,0.6,66%,36665,Marcelo,4-3-3,4-4-2,Antonio Matéu Lahoz,2022,
2022-02-12,16:15 (12:15),La Liga,Rodada 24,Sábado,Fora,Empate,0,0,Villarreal,1.7,0.4,56%,17894,Marcelo,4-3-3,4-4-2,José Sánchez,2022,
2022-02-15,21:00 (17:00),Champions League,Oitavas de Finais,Terça-Feira,Fora,Derrota,0,1,Paris Saint Germain ,0.2,2.0,43%,47443,Karim Benzema,4-3-3,4-3-3,Daniele Orsato,2022,Jogo de Ida
2022-02-19,21:00 (17:00),La Liga,Rodada 25,Sábado,Casa,Vitória,3,0,Alavés,2.9,0.6,69%,42180,Karim Benzema,4-3-3,4-1-4-1,José Luis Munuera,2022,
2022-02-26,18:30 (14:30),La Liga,Rodada 26,Sábado,Fora,Vitória,1,0,Rayo Vallecano,2.1,0.9,66%,9952,Karim Benzema,4-3-3,4-2-3-1,Isidro Díaz de Mera,2022,
2022-03-05,21:00 (17:00),La Liga,Rodada 27,Sábado,Casa,Vitória,4,1,Real Sociedad,2.0,0.8,64%,52410,Karim Benzema,4-3-3,4-4-2,Jesús Gil,2022,
2022-03-09,21:00 (17:00),Champions League,Oitavas de Finais,Quarta-Feira,Casa,Vitória,3,1,Paris Saint Germain ,2.0,0.8,44%,59895,Karim Benzema,4-3-3,4-3-3,Danny Makkelie,2022,Jogo de Volta; Real Madrid se Classificou
2022-03-14,21:00 (17:00),La Liga,Rodada 28,Mon,Fora,Vitória,3,0,Mallorca,1.8,1.4,62%,17191,Karim Benzema,4-3-3,4-4-2,José Sánchez,2022,
2022-03-20,21:00 (17:00),La Liga,Rodada 29,Domingo,Casa,Derrota,0,4,Barcelona,0.8,3.4,40%,60017,Nacho,4-2-4-0,4-3-3,Juan Martínez,2022,
2022-04-02,18:30 (13:30),La Liga,Rodada 30,Sábado,Fora,Vitória,2,1,Celta Vigo,2.9,1.6,45%,15714,Karim Benzema,4-3-3,4-1-3-2,Pablo González,2022,
2022-04-06,20:00 (16:00),Champions League,Quartas de Finais,Quarta-Feira,Fora,Vitória,3,1,Chelsea,1.8,1.3,43%,38689,Karim Benzema,4-3-3,3-4-3,Clément Turpin,2022,Jogo de Ida
2022-04-09,21:00 (16:00),La Liga,Rodada 31,Sábado,Casa,Vitória,2,0,Getafe,1.6,0.4,68%,50740,Marcelo,4-3-3,5-3-2,César Soto,2022,
2022-04-12,21:00 (16:00),Champions League,Quartas de Finais,Terça-Feira,Casa,Derrota,2,3,Chelsea,1.2,2.7,43%,59839,Karim Benzema,4-3-3,3-4-1-2,Szymon Marciniak,2022,Jogo de Volta; Real Madrid se Classificou na Prorrogação
2022-04-17,21:00 (16:00),La Liga,Rodada 32,Domingo,Fora,Vitória,3,2,Sevilla,1.2,0.9,60%,40629,Karim Benzema,4-3-3,4-2-3-1,Guillermo Cuadra,2022,
2022-04-20,21:30 (16:30),La Liga,Rodada 33,Quarta-Feira,Fora,Vitória,3,1,Osasuna,4.5,1.1,65%,21360,Karim Benzema,4-3-3,4-5-1,Ricardo de Burgos,2022,
2022-04-26,20:00 (16:00),Champions League,Semi-Finais,Terça-Feira,Fora,Derrota,3,4,Manchester City,1.6,2.7,41%,52217,Karim Benzema,4-3-3,4-3-3,István Kovács,2022,Jogo de Ida
2022-04-30,16:15 (11:15),La Liga,Rodada 34,Sábado,Casa,Vitória,4,0,Espanyol,1.8,1.3,58%,58686,Marcelo,4-3-3,4-4-2,José Luis Munuera,2022,
2022-05-04,21:00 (16:00),Champions League,Semi-Finais,Quarta-Feira,Casa,Vitória,3,1,Manchester City,2.3,1.4,45%,61416,Karim Benzema,4-2-3-1,4-3-3,Daniele Orsato,2022,Jogo de Volta; Real Madrid se Classificou na Prorrogação
2022-05-08,21:00 (16:00),La Liga,Rodada 35,Domingo,Fora,Derrota,0,1,Atlético Madrid,1.1,2.3,58%,63874,Nacho,4-3-3,4-4-2,César Soto,2022,
2022-05-12,21:30 (16:30),La Liga,Rodada 36,Quinta-Feira,Casa,Vitória,6,0,Levante,3.5,1.0,54%,38421,Karim Benzema,4-3-3,5-3-2,Adrián Cordero,2022,
2022-05-15,19:30 (14:30),La Liga,Rodada 37,Domingo,Fora,Empate,1,1,Cádiz,1.6,2.7,61%,19643,Nacho,4-3-3,4-4-2,Antonio Matéu Lahoz,2022,
2022-05-20,21:00 (16:00),La Liga,Rodada 38,Sexta-Feira,Casa,Empate,0,0,Real Betis,1.2,0.9,52%,52232,Karim Benzema,4-3-3,4-2-3-1,Santiago Jaime,2022,
2022-05-28,21:30 (16:30),Champions League,Final,Sábado,Neutral,Vitória,1,0,Liverpool,0.9,2.2,46%,75000,Karim Benzema,4-3-3,4-3-3,Clément Turpin,2022,
2020-09-20,21:00 (16:00),La Liga,Rodada 2,Domingo,Fora,Empate,0,0,Real Sociedad,0.9,0.6,68%,0,Sergio Ramos,4-2-3-1,4-4-2,Juan Martínez,2021,
2020-09-26,21:00 (16:00),La Liga,Rodada 3,Sábado,Fora,Vitória,3,2,Real Betis,3.8,1.2,55%,0,Sergio Ramos,4-3-1-2,4-2-3-1,Ricardo de Burgos,2021,
2020-09-30,21:30 (16:30),La Liga,Rodada 4,Quarta-Feira,Casa,Vitória,1,0,Valladolid,2.3,0.6,62%,0,Sergio Ramos,4-3-1-2,4-2-3-1,César Soto,2021,
2020-10-04,16:00 (11:00),La Liga,Rodada 5,Domingo,Fora,Vitória,2,0,Levante,2.2,0.5,55%,0,Sergio Ramos,4-3-3,4-4-2,José Luis Munuera,2021,
2020-10-17,18:30 (13:30),La Liga,Rodada 6,Sábado,Casa,Derrota,0,1,Cádiz,1.0,1.6,75%,0,Sergio Ramos,4-3-3,4-4-2,Santiago Jaime,2021,
2020-10-21,18:55 (13:55),Champions League,Fase de Grupos,Quarta-Feira,Casa,Derrota,2,3,Shakhtar Donetsk,1.0,1.7,59%,0,Marcelo,4-3-3,4-1-4-1,Srđan Jovanović,2021,
2020-10-24,16:00 (11:00),La Liga,Rodada 7,Sábado,Fora,Vitória,3,1,Barcelona,3.0,1.8,47%,0,Sergio Ramos,4-3-3,4-4-2,Juan Martínez,2021,
2020-10-27,21:00 (17:00),Champions League,Fase de Grupos,Terça-Feira,Fora,Empate,2,2,Borussia Mönchengladbach,2.6,1.6,65%,0,Sergio Ramos,4-3-3,4-2-3-1,Orel Grinfeeld,2021,
2020-10-31,14:00 (10:00),La Liga,Rodada 8,Sábado,Casa,Vitória,4,1,Huesca,2.3,1.0,60%,0,Sergio Ramos,4-3-3,4-4-2,Pablo González,2021,
2020-11-03,21:00 (17:00),Champions League,Fase de Grupos,Terça-Feira,Casa,Vitória,3,2,Internazionale,1.2,0.7,55%,0,Sergio Ramos,4-3-3,3-5-2,Clément Turpin,2021,
2020-11-08,21:00 (17:00),La Liga,Rodada 9,Domingo,Fora,Derrota,1,4,Valencia,1.3,2.5,65%,0,Sergio Ramos,4-2-3-1,4-4-2,Jesús Gil,2021,
2020-11-21,16:15 (12:15),La Liga,Rodada 10,Sábado,Fora,Empate,1,1,Villarreal,0.6,1.7,53%,0,Raphaël Varane,4-2-3-1,4-4-2,Alejandro Hernández,2021,
2020-11-25,21:00 (17:00),Champions League,Fase de Grupos,Quarta-Feira,Fora,Vitória,2,0,Internazionale,2.0,0.2,62%,0,Raphaël Varane,4-2-3-1,3-5-2,Anthony Taylor,2021,
2020-11-28,21:00 (17:00),La Liga,Rodada 11,Sábado,Casa,Derrota,1,2,Alavés,1.7,2.2,67%,0,Marcelo,4-3-3,4-4-2,Adrián Cordero,2021,
2020-12-01,19:55 (14:55),Champions League,Fase de Grupos,Terça-Feira,Fora,Derrota,0,2,Shakhtar Donetsk,1.4,1.3,59%,0,Karim Benzema,4-2-3-1,4-3-3,Ovidiu Hațegan,2021,
2020-12-05,16:15 (12:15),La Liga,Rodada 12,Sábado,Fora,Vitória,1,0,Sevilla,1.5,0.7,37%,0,Karim Benzema,4-3-3,4-3-3,José Sánchez,2021,
2020-12-09,21:00 (17:00),Champions League,Fase de Grupos,Quarta-Feira,Casa,Vitória,2,0,Borussia Mönchengladbach,2.8,1.0,63%,0,Sergio Ramos,4-3-3,4-2-3-1,Björn Kuipers,2021,
2020-12-12,21:00 (17:00),La Liga,Rodada 13,Sábado,Casa,Vitória,2,0,Atlético Madrid,0.9,0.7,56%,0,Sergio Ramos,4-3-3,3-5-2,Antonio Matéu Lahoz,2021,
2020-12-15,22:00 (18:00),La Liga,Rodada 19,Terça-Feira,Casa,Vitória,3,1,Athletic Club,2.2,0.8,68%,0,Sergio Ramos,4-2-3-1,4-2-3-1,Jesús Gil,2021,
2020-12-20,21:00 (17:00),La Liga,Rodada 14,Domingo,Fora,Vitória,3,1,Eibar,2.2,0.7,66%,0,Sergio Ramos,4-3-3,4-4-2,José Luis Munuera,2021,
2020-12-23,19:45 (15:45),La Liga,Rodada 15,Quarta-Feira,Casa,Vitória,2,0,Granada,1.8,0.8,66%,0,Sergio Ramos,4-3-3,4-1-4-1,Juan Martínez,2021,
2020-12-30,21:30 (17:30),La Liga,Rodada 16,Quarta-Feira,Fora,Empate,1,1,Elche,1.4,1.0,67%,0,Sergio Ramos,4-3-3,4-1-4-1,Jorge Figueroa,2021,
2021-01-02,21:00 (17:00),La Liga,Rodada 17,Sábado,Casa,Vitória,2,0,Celta Vigo,1.0,0.7,41%,0,Karim Benzema,4-3-3,4-1-3-2,Ricardo de Burgos,2021,
2021-01-09,21:00 (17:00),La Liga,Rodada 18,Sábado,Fora,Empate,0,0,Osasuna,0.4,0.6,69%,0,Sergio Ramos,4-3-3,4-1-4-1,César Soto,2021,
2021-01-14,21:00 (17:00),Supercopa de España,Semi-Finais,Quinta-Feira,Casa,Derrota,1,2,Athletic Club,,,70%,0,Sergio Ramos,4-3-3,4-4-2,Juan Martínez,2021,
2021-01-20,21:00 (17:00),Copa del Rey,Play-Offs das Oitavas,Quarta-Feira,Fora,Derrota,1,2,Alcoyano,,,73%,0,Marcelo,4-3-3,4-4-2,José Sánchez,2021,Prorrogação
2021-01-23,21:00 (17:00),La Liga,Rodada 20,Sábado,Fora,Vitória,4,1,Alavés,1.4,0.7,60%,0,Karim Benzema,4-3-3,4-4-2,Alejandro Hernández,2021,
2021-01-30,16:15 (12:15),La Liga,Rodada 21,Sábado,Casa,Derrota,1,2,Levante,1.3,1.8,47%,0,Karim Benzema,4-3-3,4-4-2,David Medié,2021,
2021-02-06,16:15 (12:15),La Liga,Rodada 22,Sábado,Fora,Vitória,2,1,Huesca,3.4,1.0,65%,0,Karim Benzema,4-3-3,3-5-2,Javier Estrada,2021,
2021-02-09,21:00 (17:00),La Liga,Rodada 1,Terça-Feira,Casa,Vitória,2,0,Getafe,1.6,0.1,67%,0,Marcelo,3-4-3,4-4-2,Alberola Rojas,2021,
2021-02-14,16:15 (12:15),La Liga,Rodada 23,Domingo,Casa,Vitória,2,0,Valencia,0.8,0.1,61%,0,Karim Benzema,4-3-3,4-4-2,José Sánchez,2021,
2021-02-20,21:00 (17:00),La Liga,Rodada 24,Sábado,Fora,Vitória,1,0,Valladolid,0.8,1.0,64%,0,Raphaël Varane,4-3-3,4-2-3-1,Guillermo Cuadra,2021,
2021-02-24,21:00 (17:00),Champions League,Oitavas de Finais,Quarta-Feira,Fora,Vitória,1,0,Atalanta,1.5,0.1,68%,0,Raphaël Varane,4-3-3,3-4-1-2,Tobias Stieler,2021,Jogo de Ida
2021-03-01,21:00 (17:00),La Liga,Rodada 25,Mon,Casa,Empate,1,1,Real Sociedad,2.2,0.8,59%,0,Raphaël Varane,4-3-3,4-2-3-1,Jesús Gil,2021,
2021-03-07,16:15 (12:15),La Liga,Rodada 26,Domingo,Fora,Empate,1,1,Atlético Madrid,1.6,1.4,61%,0,Karim Benzema,4-3-3,4-1-4-1,Alejandro Hernández,2021,
2021-03-13,16:15 (12:15),La Liga,Rodada 27,Sábado,Casa,Vitória,2,1,Elche,1.6,0.5,65%,0,Sergio Ramos,3-1-4-2,4-4-2,Jorge Figueroa,2021,
2021-03-16,21:00 (17:00),Champions League,Oitavas de Finais,Terça-Feira,Casa,Vitória,3,1,Atalanta,2.7,1.3,53%,0,Sergio Ramos,3-5-2,3-4-3,Danny Makkelie,2021,Jogo de Volta; Real Madrid se Classificou
2021-03-20,16:15 (12:15),La Liga,Rodada 28,Sábado,Fora,Vitória,3,1,Celta Vigo,2.5,0.6,49%,0,Karim Benzema,4-1-2-1-2◆,4-1-3-2,Mario Melero,2021,
2021-04-03,16:15 (11:15),La Liga,Rodada 29,Sábado,Casa,Vitória,2,0,Eibar,1.8,0.4,63%,0,Marcelo,3-4-3,4-1-4-1,Isidro Díaz de Mera,2021,
2021-04-06,21:00 (16:00),Champions League,Quartas de Finais,Terça-Feira,Casa,Vitória,3,1,Liverpool,2.1,0.7,45%,0,Karim Benzema,4-3-3,4-3-3,Felix Brych,2021,Jogo de Ida
2021-04-10,21:00 (16:00),La Liga,Rodada 30,Sábado,Casa,Vitória,2,1,Barcelona,1.5,1.3,31%,0,Karim Benzema,4-1-4-1,3-4-3,Jesús Gil,2021,
2021-04-14,20:00 (16:00),Champions League,Quartas de Finais,Quarta-Feira,Fora,Empate,0,0,Liverpool,0.8,1.2,44%,0,Karim Benzema,4-3-3,4-3-3,Björn Kuipers,2021,Jogo de Volta; Real Madrid se Classificou
2021-04-18,21:00 (16:00),La Liga,Rodada 33,Domingo,Fora,Empate,0,0,Getafe,0.5,1.8,58%,0,Marcelo,4-2-3-1,4-4-2,José Sánchez,2021,
2021-04-21,22:00 (17:00),La Liga,Rodada 31,Quarta-Feira,Fora,Vitória,3,0,Cádiz,3.2,1.0,61%,0,Marcelo,3-4-3,4-4-2,Antonio Matéu Lahoz,2021,
2021-04-24,21:00 (16:00),La Liga,Rodada 32,Sábado,Casa,Empate,0,0,Real Betis,1.0,0.9,57%,0,Karim Benzema,4-3-3,4-2-3-1,Javier Estrada,2021,
2021-04-27,21:00 (16:00),Champions League,Semi-Finais,Terça-Feira,Casa,Empate,1,1,Chelsea,0.7,1.7,51%,0,Marcelo,3-5-2,3-5-2,Danny Makkelie,2021,Jogo de Ida
2021-05-01,21:00 (16:00),La Liga,Rodada 34,Sábado,Casa,Vitória,2,0,Osasuna,1.7,0.1,65%,0,Marcelo,4-2-3-1,4-1-4-1,Guillermo Cuadra,2021,
2021-05-05,20:00 (16:00),Champions League,Semi-Finais,Quarta-Feira,Fora,Derrota,0,2,Chelsea,0.5,4.0,67%,0,Sergio Ramos,3-5-2,3-1-4-2,Daniele Orsato,2021,Jogo de Volta; Real Madrid foi Eliminado
2021-05-09,21:00 (16:00),La Liga,Rodada 35,Domingo,Casa,Empate,2,2,Sevilla,0.9,1.2,58%,0,Marcelo,4-3-3,4-3-3,Juan Martínez,2021,
2021-05-13,22:00 (17:00),La Liga,Rodada 36,Quinta-Feira,Fora,Vitória,4,1,Granada,1.3,1.9,64%,0,Karim Benzema,4-3-3,4-2-3-1,Jesús Gil,2021,
2021-05-16,18:30 (13:30),La Liga,Rodada 37,Domingo,Fora,Vitória,1,0,Athletic Club,1.0,0.7,64%,0,Karim Benzema,4-3-3,4-4-2,Antonio Matéu Lahoz,2021,
2021-05-22,18:00 (13:00),La Liga,Rodada 38,Sábado,Casa,Vitória,2,1,Villarreal,1.2,0.6,56%,0,Karim Benzema,4-3-3,4-4-2,José Luis Munuera,2021,
2019-08-17,17:00 (12:00),La Liga,Rodada 1,Sábado,Fora,Vitória,3,1,Celta Vigo,2.1,1.6,44%,23566,Sergio Ramos,4-3-3,4-2-2-2,Javier Estrada,2020,
2019-08-24,19:00 (14:00),La Liga,Rodada 2,Sábado,Casa,Empate,1,1,Valladolid,1.7,1.2,66%,63037,Sergio Ramos,4-1-4-1,4-4-2,Pablo González,2020,
2019-09-01,21:00 (16:00),La Liga,Rodada 3,Domingo,Fora,Empate,2,2,Villarreal,1.9,1.4,56%,20128,Sergio Ramos,4-4-2,4-4-2,Jesús Gil,2020,
2019-09-14,13:00 (08:00),La Liga,Rodada 4,Sábado,Casa,Vitória,3,2,Levante,2.9,1.2,65%,60401,Sergio Ramos,4-1-4-1,5-3-2,Ricardo de Burgos,2020,
2019-09-18,21:00 (16:00),Champions League,Fase de Grupos,Quarta-Feira,Fora,Derrota,0,3,Paris Saint Germain ,0.6,1.7,48%,46361,Karim Benzema,4-3-3,4-3-3,Anthony Taylor,2020,
2019-09-22,21:00 (16:00),La Liga,Rodada 5,Domingo,Fora,Vitória,1,0,Sevilla,1.2,0.5,45%,42354,Sergio Ramos,4-2-3-1,4-3-3,Juan Martínez,2020,
2019-09-25,21:00 (16:00),La Liga,Rodada 6,Quarta-Feira,Casa,Vitória,2,0,Osasuna,1.6,0.2,55%,57520,Sergio Ramos,4-1-4-1,4-4-2,Antonio Matéu Lahoz,2020,
2019-09-28,21:00 (16:00),La Liga,Rodada 7,Sábado,Fora,Empate,0,0,Atlético Madrid,0.4,0.9,55%,68032,Sergio Ramos,4-1-4-1,4-4-2,José González,2020,
2019-10-01,18:55 (13:55),Champions League,Fase de Grupos,Terça-Feira,Casa,Empate,2,2,Club Brugge,2.3,1.4,73%,65112,Sergio Ramos,4-3-3,3-1-4-2,Georgi Kabakov,2020,
2019-10-05,16:00 (11:00),La Liga,Rodada 8,Sábado,Casa,Vitória,4,2,Granada,2.6,1.6,61%,70315,Sergio Ramos,4-3-3,4-1-4-1,Santiago Jaime,2020,
2019-10-19,21:00 (16:00),La Liga,Rodada 9,Sábado,Fora,Derrota,0,1,Mallorca,1.0,0.2,63%,20275,Sergio Ramos,4-4-2,4-3-3,Alberola Rojas,2020,
2019-10-22,22:00 (16:00),Champions League,Fase de Grupos,Terça-Feira,Fora,Vitória,1,0,Galatasaray,2.4,1.2,44%,48886,Sergio Ramos,4-3-3,3-4-1-2,Daniele Orsato,2020,
2019-10-30,21:15 (17:15),La Liga,Rodada 11,Quarta-Feira,Casa,Vitória,5,0,Leganés,4.8,0.3,61%,53870,Sergio Ramos,4-3-3,4-2-3-1,César Soto,2020,
2019-11-02,21:00 (17:00),La Liga,Rodada 12,Sábado,Casa,Empate,0,0,Real Betis,2.8,0.5,63%,70375,Sergio Ramos,4-3-3,5-3-2,José Sánchez,2020,
2019-11-06,21:00 (17:00),Champions League,Fase de Grupos,Quarta-Feira,Casa,Vitória,6,0,Galatasaray,4.2,0.6,69%,65492,Sergio Ramos,4-3-3,4-3-3,Felix Zwayer,2020,
2019-11-09,18:30 (14:30),La Liga,Rodada 13,Sábado,Fora,Vitória,4,0,Eibar,2.9,1.0,58%,7045,Sergio Ramos,4-3-3,4-4-2,Adrián Cordero,2020,
2019-11-23,21:00 (17:00),La Liga,Rodada 14,Sábado,Casa,Vitória,3,1,Real Sociedad,1.4,1.6,54%,69305,Sergio Ramos,4-3-3,4-2-3-1,Jesús Gil,2020,
2019-11-26,21:00 (17:00),Champions League,Fase de Grupos,Terça-Feira,Casa,Empate,2,2,Paris Saint Germain ,3.9,2.4,53%,75534,Sergio Ramos,4-3-1-2,4-3-3,Artur Soares Dias,2020,
2019-11-30,13:00 (09:00),La Liga,Rodada 15,Sábado,Fora,Vitória,2,1,Alavés,1.8,1.3,64%,19357,Sergio Ramos,4-3-3,4-4-2,Guillermo Cuadra,2020,
2019-12-07,13:00 (09:00),La Liga,Rodada 16,Sábado,Casa,Vitória,2,0,Espanyol,2.4,0.5,60%,64125,Sergio Ramos,4-3-3,3-1-4-2,Santiago Jaime,2020,
2019-12-11,21:00 (17:00),Champions League,Fase de Grupos,Quarta-Feira,Fora,Vitória,3,1,Club Brugge,1.2,1.0,57%,27308,Raphaël Varane,4-2-3-1,3-1-4-2,Tobias Stieler,2020,
2019-12-15,21:00 (17:00),La Liga,Rodada 17,Domingo,Fora,Empate,1,1,Valencia,1.7,2.3,64%,44230,Sergio Ramos,4-3-3,4-4-2,José Sánchez,2020,
2019-12-18,20:00 (16:00),La Liga,Rodada 10,Quarta-Feira,Fora,Empate,0,0,Barcelona,0.8,0.9,48%,93426,Sergio Ramos,4-1-2-1-2◆,4-3-3,Alejandro Hernández,2020,
2019-12-22,21:00 (17:00),La Liga,Rodada 18,Domingo,Casa,Empate,0,0,Athletic Club,2.5,0.4,69%,71306,Sergio Ramos,4-3-3,5-3-2,Adrián Cordero,2020,
2020-01-04,16:00 (12:00),La Liga,Rodada 19,Sábado,Fora,Vitória,3,0,Getafe,1.8,1.3,55%,15426,Karim Benzema,4-3-3,4-4-2,José Luis Munuera,2020,
2020-01-08,20:00 (16:00),Supercopa de España,Semi-Finais,Quarta-Feira,Fora,Vitória,3,1,Valencia,,,0%,40877,Sergio Ramos,4-3-2-1,4-1-4-1,Jesús Gil,2020,
2020-01-12,21:00 (15:00),Supercopa de España,Final,Domingo,Casa,Empate,0,0,Atlético Madrid,,,0%,59053,Sergio Ramos,4-3-2-1,4-4-2,José Sánchez,2020,"Jogo de Volta; Real Madrid se Classificou nas Penalidades, Real Madrid 4 x 1 Atlético Madrid"
2020-01-18,16:00 (12:00),La Liga,Rodada 20,Sábado,Casa,Vitória,2,1,Sevilla,1.3,0.4,52%,72512,Marcelo,4-3-3,4-3-3,Juan Martínez,2020,
2020-01-22,21:00 (17:00),Copa del Rey,Play-Offs das Oitavas,Quarta-Feira,Fora,Vitória,3,1,Unionistas Sal,,,67%,4000,Marcelo,4-3-3,4-4-2,Mario Melero,2020,
2020-01-26,21:00 (17:00),La Liga,Rodada 21,Domingo,Fora,Vitória,1,0,Valladolid,0.6,0.3,61%,23404,Sergio Ramos,4-3-3,4-3-1-2,Ricardo de Burgos,2020,
2020-01-29,21:00 (17:00),Copa del Rey,Oitavas de Finais,Quarta-Feira,Fora,Vitória,4,0,Zaragoza,,,58%,31500,Sergio Ramos,4-3-3,4-4-2,José González,2020,
2020-02-01,16:00 (12:00),La Liga,Rodada 22,Sábado,Casa,Vitória,1,0,Atlético Madrid,1.1,0.4,64%,77223,Sergio Ramos,4-2-3-1,4-4-2,Javier Estrada,2020,
2020-02-06,19:00 (15:00),Copa del Rey,Quartas de Finais,Quinta-Feira,Casa,Derrota,3,4,Real Sociedad,,,65%,64012,Sergio Ramos,4-3-3,4-1-4-1,Antonio Matéu Lahoz,2020,
2020-02-09,16:00 (12:00),La Liga,Rodada 23,Domingo,Fora,Vitória,4,1,Osasuna,2.6,0.9,55%,17000,Sergio Ramos,4-3-3,4-4-2,Jesús Gil,2020,
2020-02-16,21:00 (17:00),La Liga,Rodada 24,Domingo,Casa,Empate,2,2,Celta Vigo,2.0,1.0,66%,62477,Sergio Ramos,4-3-3,3-5-2,Alberola Rojas,2020,
2020-02-22,21:00 (17:00),La Liga,Rodada 25,Sábado,Fora,Derrota,0,1,Levante,1.9,0.7,63%,23566,Sergio Ramos,4-3-3,4-4-2,Alejandro Hernández,2020,
2020-02-26,21:00 (17:00),Champions League,Oitavas de Finais,Quarta-Feira,Casa,Derrota,1,2,Manchester City,1.2,3.2,49%,75615,Sergio Ramos,4-3-3,4-4-1-1,Daniele Orsato,2020,Jogo de Ida
2020-03-01,21:00 (17:00),La Liga,Rodada 26,Domingo,Casa,Vitória,2,0,Barcelona,1.1,1.5,44%,78357,Sergio Ramos,4-1-4-1,4-4-2,Antonio Matéu Lahoz,2020,
2020-03-08,21:00 (17:00),La Liga,Rodada 27,Domingo,Fora,Derrota,1,2,Real Betis,2.1,1.3,57%,51521,Sergio Ramos,4-1-4-1,4-4-1-1,José González,2020,
2020-06-14,19:30 (14:30),La Liga,Rodada 28,Domingo,Casa,Vitória,3,1,Eibar,1.0,0.5,55%,0,Sergio Ramos,4-3-3,4-1-4-1,Guillermo Cuadra,2020,
2020-06-18,22:00 (17:00),La Liga,Rodada 29,Quinta-Feira,Casa,Vitória,3,0,Valencia,1.9,0.2,63%,0,Sergio Ramos,4-3-3,4-4-2,José Sánchez,2020,
2020-06-21,22:00 (17:00),La Liga,Rodada 30,Domingo,Fora,Vitória,2,1,Real Sociedad,1.3,0.4,49%,0,Sergio Ramos,4-3-3,4-2-3-1,Javier Estrada,2020,
2020-06-24,22:00 (17:00),La Liga,Rodada 31,Quarta-Feira,Casa,Vitória,2,0,Mallorca,1.3,0.6,55%,0,Sergio Ramos,4-2-3-1,3-5-2,Mario Melero,2020,
2020-06-28,22:00 (17:00),La Liga,Rodada 32,Domingo,Fora,Vitória,1,0,Espanyol,2.1,0.8,68%,0,Sergio Ramos,4-3-3,4-4-1-1,Antonio Matéu Lahoz,2020,
2020-07-02,22:00 (17:00),La Liga,Rodada 33,Quinta-Feira,Casa,Vitória,1,0,Getafe,1.8,0.5,67%,0,Sergio Ramos,4-3-3,4-4-1-1,Juan Martínez,2020,
2020-07-05,14:00 (09:00),La Liga,Rodada 34,Domingo,Fora,Vitória,1,0,Athletic Club,2.5,0.3,56%,0,Sergio Ramos,4-3-3,4-2-3-1,José González,2020,
2020-07-10,22:00 (17:00),La Liga,Rodada 35,Sexta-Feira,Casa,Vitória,2,0,Alavés,2.2,1.2,70%,0,Karim Benzema,4-3-3,4-4-2,Jesús Gil,2020,
2020-07-13,22:00 (17:00),La Liga,Rodada 36,Mon,Fora,Vitória,2,1,Granada,0.4,0.9,62%,0,Sergio Ramos,4-3-2-1,3-4-3,Santiago Jaime,2020,
2020-07-16,21:00 (16:00),La Liga,Rodada 37,Quinta-Feira,Casa,Vitória,2,1,Villarreal,1.6,1.1,57%,0,Sergio Ramos,4-3-3,4-2-3-1,Alejandro Hernández,2020,
2020-07-19,21:00 (16:00),La Liga,Rodada 38,Domingo,Fora,Empate,2,2,Leganés,0.8,1.4,64%,0,Sergio Ramos,4-3-3,5-4-1,Guillermo Cuadra,2020,
2020-08-07,20:00 (16:00),Champions League,Oitavas de Finais,Sexta-Feira,Fora,Derrota,1,2,Manchester City,0.8,2.1,45%,0,Karim Benzema,4-3-3,4-3-3,Felix Brych,2020,Jogo de Volta; Real Madrid foi Eliminado
2018-08-15,22:00 (16:00),Super Copa da Uefa,Final da Super Copa da UEFA,Quarta-Feira,Neutral,Derrota,2,4,Atlético Madrid,,,59%,12424,Sergio Ramos,4-2-3-1,4-4-2,Szymon Marciniak,2019,Prorrogação
2018-08-19,22:15 (17:15),La Liga,Rodada 1,Domingo,Casa,Vitória,2,0,Getafe,1.0,0.2,77%,48446,Sergio Ramos,4-3-3,4-1-4-1,Javier Estrada,2019,
2018-08-26,22:15 (17:15),La Liga,Rodada 2,Domingo,Fora,Vitória,4,1,Girona,3.9,0.4,66%,13889,Sergio Ramos,4-2-3-1,4-3-3,Juan Martínez,2019,
2018-09-01,20:45 (15:45),La Liga,Rodada 3,Sábado,Casa,Vitória,4,1,Leganés,2.5,1.1,77%,59255,Sergio Ramos,4-3-3,4-4-2,Santiago Jaime,2019,
2018-09-15,20:45 (15:45),La Liga,Rodada 4,Sábado,Fora,Empate,1,1,Athletic Club,1.8,1.4,61%,46413,Sergio Ramos,4-3-3,4-2-3-1,José González,2019,
2018-09-19,21:00 (16:00),Champions League,Fase de Grupos,Quarta-Feira,Casa,Vitória,3,0,Roma,3.5,0.6,61%,69251,Sergio Ramos,4-3-3,4-3-3,Björn Kuipers,2019,
2018-09-22,20:45 (15:45),La Liga,Rodada 5,Sábado,Casa,Vitória,1,0,Espanyol,1.0,0.4,64%,67658,Sergio Ramos,4-3-3,4-1-4-1,Antonio Matéu Lahoz,2019,
2018-09-26,22:00 (17:00),La Liga,Rodada 6,Quarta-Feira,Fora,Derrota,0,3,Sevilla,1.5,2.4,60%,40972,Sergio Ramos,4-3-3,3-5-2,Alejandro Hernández,2019,
2018-09-29,20:45 (15:45),La Liga,Rodada 7,Sábado,Casa,Empate,0,0,Atlético Madrid,1.2,0.8,65%,78642,Sergio Ramos,4-3-3,4-4-2,Juan Martínez,2019,
2018-10-02,22:00 (16:00),Champions League,Fase de Grupos,Terça-Feira,Fora,Derrota,0,1,CSKA Moscow,2.2,0.4,72%,71811,Karim Benzema,4-3-3,3-4-3,Ovidiu Hațegan,2019,
2018-10-06,18:30 (13:30),La Liga,Rodada 8,Sábado,Fora,Derrota,0,1,Alavés,0.8,1.1,69%,19461,Sergio Ramos,4-3-3,4-3-3,Santiago Jaime,2019,
2018-10-20,13:00 (08:00),La Liga,Rodada 9,Sábado,Casa,Derrota,1,2,Levante,2.9,2.0,70%,63423,Sergio Ramos,4-3-3,3-1-4-2,Guillermo Cuadra,2019,
2018-10-23,21:00 (16:00),Champions League,Fase de Grupos,Terça-Feira,Casa,Vitória,2,1,Viktoria Plzeň,2.6,1.6,68%,67356,Sergio Ramos,4-3-3,4-2-3-1,Orel Grinfeeld,2019,
2018-10-28,16:15 (12:15),La Liga,Rodada 10,Domingo,Fora,Derrota,1,5,Barcelona,2.1,3.0,47%,93265,Sergio Ramos,4-3-3,4-3-3,José Sánchez,2019,
2018-10-31,18:30 (15:30),Copa del Rey,Play-Offs das Oitavas,Quarta-Feira,Fora,Vitória,4,0,Melilla,,,60%,7212,,4-3-3,4-1-4-1,Ricardo de Burgos,2019,Jogo de Ida
2018-11-03,16:15 (12:15),La Liga,Rodada 11,Sábado,Casa,Vitória,2,0,Valladolid,2.2,0.9,58%,68050,Sergio Ramos,4-3-3,4-4-2,Jesús Gil,2019,
2018-11-07,21:00 (18:00),Champions League,Fase de Grupos,Quarta-Feira,Fora,Vitória,5,0,Viktoria Plzeň,1.6,0.5,62%,11483,Sergio Ramos,4-2-3-1,4-1-4-1,Deniz Aytekin,2019,
2018-11-11,20:45 (17:45),La Liga,Rodada 12,Domingo,Fora,Vitória,4,2,Celta Vigo,2.5,0.9,48%,21184,Sergio Ramos,4-3-3,4-4-2,Alberto Undiano,2019,
2018-11-24,13:00 (10:00),La Liga,Rodada 13,Sábado,Fora,Derrota,0,3,Eibar,1.1,2.8,60%,6435,Sergio Ramos,4-3-3,4-4-2,Juan Martínez,2019,
2018-11-27,21:00 (18:00),Champions League,Fase de Grupos,Terça-Feira,Fora,Vitória,2,0,Roma,1.7,2.1,59%,59124,Sergio Ramos,4-3-3,4-2-3-1,Ruddy Buquet,2019,
2018-12-01,20:45 (17:45),La Liga,Rodada 14,Sábado,Casa,Vitória,2,0,Valencia,0.8,0.8,60%,69653,Sergio Ramos,4-3-3,4-4-2,José González,2019,
2018-12-06,16:15 (13:15),Copa del Rey,Play-Offs das Oitavas,Quinta-Feira,Casa,Vitória,6,1,Melilla,,,59%,55243,Isco,4-3-3,4-2-3-1,Alberola Rojas,2019,Jogo de Volta; Real Madrid se Classificou
2018-12-09,16:15 (13:15),La Liga,Rodada 15,Domingo,Fora,Vitória,1,0,Huesca,0.4,1.2,55%,7341,Sergio Ramos,4-1-4-1,4-2-3-1,Mario Melero,2019,
2018-12-12,18:55 (15:55),Champions League,Fase de Grupos,Quarta-Feira,Casa,Derrota,0,3,CSKA Moscow,1.3,0.9,68%,51636,Marcelo,4-2-3-1,3-4-3,Hugo Miguel,2019,
2018-12-15,18:30 (15:30),La Liga,Rodada 16,Sábado,Casa,Vitória,1,0,Rayo Vallecano,1.2,0.7,69%,55229,Sergio Ramos,4-3-3,4-1-4-1,Ricardo de Burgos,2019,
2019-01-03,21:30 (18:30),La Liga,Rodada 17,Quinta-Feira,Fora,Empate,2,2,Villarreal,1.6,1.2,54%,19903,Sergio Ramos,4-3-3,4-2-3-1,Pablo González,2019,
2019-01-06,18:30 (15:30),La Liga,Rodada 18,Domingo,Casa,Derrota,0,2,Real Sociedad,2.6,2.3,59%,53412,Sergio Ramos,4-3-3,4-2-3-1,José Luis Munuera,2019,
2019-01-09,21:30 (18:30),Copa del Rey,Oitavas de Finais,Quarta-Feira,Casa,Vitória,3,0,Leganés,,,64%,44231,Sergio Ramos,4-3-3,5-4-1,Jesús Gil,2019,Jogo de Ida
2019-01-13,20:45 (17:45),La Liga,Rodada 19,Domingo,Fora,Vitória,2,1,Real Betis,0.7,0.8,28%,54187,Sergio Ramos,3-4-3,4-3-3,Alejandro Hernández,2019,
2019-01-16,21:30 (18:30),Copa del Rey,Oitavas de Finais,Quarta-Feira,Fora,Derrota,0,1,Leganés,,,50%,9437,Marcelo,4-2-3-1,5-3-2,Juan Martínez,2019,Jogo de Volta; Real Madrid se Classificou
2019-01-19,16:15 (13:15),La Liga,Rodada 20,Sábado,Casa,Vitória,2,0,Sevilla,1.5,0.5,69%,68232,Sergio Ramos,4-3-3,5-3-2,Antonio Matéu Lahoz,2019,
2019-01-24,21:30 (18:30),Copa del Rey,Quartas de Finais,Quinta-Feira,Casa,Vitória,4,2,Girona,,,59%,50865,Sergio Ramos,4-3-3,5-4-1,Alberto Undiano,2019,Jogo de Ida
2019-01-27,20:45 (17:45),La Liga,Rodada 21,Domingo,Fora,Vitória,4,2,Espanyol,2.1,1.1,63%,21215,Sergio Ramos,4-3-3,4-3-3,Jesús Gil,2019,
2019-01-31,21:30 (18:30),Copa del Rey,Quartas de Finais,Quinta-Feira,Fora,Vitória,3,1,Girona,,,55%,14158,Sergio Ramos,4-3-3,5-3-2,Juan Martínez,2019,Jogo de Volta; Real Madrid se Classificou
2019-02-03,20:45 (17:45),La Liga,Rodada 22,Domingo,Casa,Vitória,3,0,Alavés,2.5,0.6,70%,53132,Sergio Ramos,4-3-3,4-5-1,Santiago Jaime,2019,
2019-02-06,21:00 (18:00),Copa del Rey,Semi-Finais,Quarta-Feira,Fora,Empate,1,1,Barcelona,,,43%,92008,Sergio Ramos,4-3-3,4-3-3,Antonio Matéu Lahoz,2019,Jogo de Ida
2019-02-09,16:15 (13:15),La Liga,Rodada 23,Sábado,Fora,Vitória,3,1,Atlético Madrid,1.6,1.1,65%,67752,Sergio Ramos,4-3-3,4-4-2,Javier Estrada,2019,
2019-02-13,21:00 (18:00),Champions League,Oitavas de Finais,Quarta-Feira,Fora,Vitória,2,1,Ajax,1.5,2.2,50%,52286,Sergio Ramos,4-3-3,4-2-3-1,Szymon Marciniak,2019,Jogo de Ida
2019-02-17,12:00 (08:00),La Liga,Rodada 24,Domingo,Casa,Derrota,1,2,Girona,1.8,2.6,57%,68099,Sergio Ramos,4-3-3,4-1-4-1,Guillermo Cuadra,2019,
2019-02-24,20:45 (16:45),La Liga,Rodada 25,Domingo,Fora,Vitória,2,1,Levante,2.7,1.2,60%,23018,Karim Benzema,4-3-3,3-5-2,Ignacio Iglesias,2019,
2019-02-27,21:00 (17:00),Copa del Rey,Semi-Finais,Quarta-Feira,Casa,Derrota,0,3,Barcelona,,,49%,80472,Sergio Ramos,4-3-3,4-4-2,José Sánchez,2019,Jogo de Volta; Real Madrid foi Eliminado
2019-03-02,20:45 (16:45),La Liga,Rodada 26,Sábado,Casa,Derrota,0,1,Barcelona,0.9,1.1,49%,78921,Sergio Ramos,4-3-3,4-3-3,Alberto Undiano,2019,
2019-03-05,21:00 (17:00),Champions League,Oitavas de Finais,Terça-Feira,Casa,Derrota,1,4,Ajax,2.5,2.6,57%,77013,Karim Benzema,4-3-3,4-2-3-1,Felix Brych,2019,Jogo de Volta; Real Madrid foi Eliminado
2019-03-10,20:45 (16:45),La Liga,Rodada 27,Domingo,Fora,Vitória,4,1,Valladolid,2.8,2.2,61%,21914,Karim Benzema,4-3-3,4-4-1-1,Jesús Gil,2019,
2019-03-16,16:15 (12:15),La Liga,Rodada 28,Sábado,Casa,Vitória,2,0,Celta Vigo,2.5,0.4,54%,65054,Sergio Ramos,4-2-3-1,4-2-3-1,Juan Martínez,2019,
2019-03-31,20:45 (15:45),La Liga,Rodada 29,Domingo,Casa,Vitória,3,2,Huesca,4.1,1.7,70%,49269,Sergio Ramos,4-3-3,5-3-2,Javier Estrada,2019,
2019-04-03,21:30 (16:30),La Liga,Rodada 30,Quarta-Feira,Fora,Derrota,1,2,Valencia,0.8,1.8,67%,44274,Sergio Ramos,4-3-3,4-4-2,Santiago Jaime,2019,
2019-04-06,16:15 (11:15),La Liga,Rodada 31,Sábado,Casa,Vitória,2,1,Eibar,1.6,0.8,56%,50284,Karim Benzema,4-3-3,4-1-4-1,Pablo González,2019,
2019-04-15,21:00 (16:00),La Liga,Rodada 32,Mon,Fora,Empate,1,1,Leganés,1.2,0.6,69%,12118,Marcelo,4-3-3,5-3-2,David Medié,2019,
2019-04-21,16:15 (11:15),La Liga,Rodada 33,Domingo,Casa,Vitória,3,0,Athletic Club,1.9,0.5,57%,59815,Marcelo,4-3-3,4-2-3-1,Mario Melero,2019,
2019-04-25,21:30 (16:30),La Liga,Rodada 34,Quinta-Feira,Fora,Empate,0,0,Getafe,1.8,0.6,66%,13135,Karim Benzema,4-3-3,4-4-2,Ricardo de Burgos,2019,
2019-04-28,20:45 (15:45),La Liga,Rodada 35,Domingo,Fora,Derrota,0,1,Rayo Vallecano,0.5,1.8,50%,13273,Marcelo,4-2-2-2,4-2-3-1,Pablo González,2019,
2019-05-05,16:15 (11:15),La Liga,Rodada 36,Domingo,Casa,Vitória,3,2,Villarreal,2.7,0.7,60%,46294,Marcelo,4-3-3,4-2-3-1,Jesús Gil,2019,
2019-05-12,18:30 (13:30),La Liga,Rodada 37,Domingo,Fora,Derrota,1,3,Real Sociedad,0.9,2.1,46%,27322,Marcelo,4-3-3,4-2-3-1,Juan Martínez,2019,
2019-05-19,12:00 (07:00),La Liga,Rodada 38,Domingo,Casa,Derrota,0,2,Real Betis,0.9,1.3,47%,56900,Marcelo,4-3-3,3-1-4-2,Alberto Undiano,2019,