Jogador,Nacionalidade,Posição,Idade,Cartões Amarelos,Cartões Vermelhos,2° Cartões Amarelos,Faltas Cometidas,Faltas Sofridas,Impedimentos,Cruzamentos,Interceptações,Desarmes Ganhos,Pênaltis Convertidos,Pênaltis Cometidos,Gols Contras,Bolas Perdidas Recuperadas,Duelos Aéreos Ganhos,Duelos Aéreos Perdidos,Temporada
Federico Valverde,Uruguai,"Meio Campista, Defensor",26,5,0,0,26,21,1,46,88,53,0,0,0,223,39,22,2025
Kylian Mbappé,França,Atacante,25,3,1,0,35,61,52,57,3,11,4,0,0,53,7,10,2025
Jude Bellingham,Inglaterra,Meio Campista,21,11,2,0,60,113,13,31,44,60,1,0,0,156,39,42,2025
Aurélien Tchouaméni,França,"Meio Campista, Defensor",24,10,0,0,37,40,0,17,74,47,0,2,0,180,77,35,2025
Thibaut Courtois,Bélgica,Goleiro,32,1,0,0,0,3,0,0,1,0,0,0,1,52,13,0,2025
Antonio Rüdiger,Alemanha,Defensor,31,7,1,0,39,19,3,5,17,25,2,1,0,145,51,37,2025
Vinicius Júnior,Brasil,Atacante,24,15,1,0,58,108,18,112,9,23,3,0,0,113,2,9,2025
Rodrygo,Brasil,"Meio Campista, Atacante",23,0,0,0,20,58,2,155,21,30,1,0,0,96,12,18,2025
Lucas Vázquez,Espanha,Defensor,33,9,1,0,51,44,5,98,31,56,1,0,0,103,7,17,2025
Raúl Asencio,Espanha,Defensor,21,8,0,0,22,30,1,1,23,39,0,1,0,109,35,18,2025
Fran Garcia,Espanha,Defensor,24,0,0,0,16,25,4,91,39,45,0,0,0,119,19,23,2025
Luka Modrić,Cróacia,Meio Campista,38,11,0,0,35,30,2,173,44,28,0,0,0,140,7,16,2025
Ferland Mendy,França,Defensor,29,2,1,0,17,17,0,7,13,21,0,1,0,63,6,6,2025
Brahim Díaz,Marrocos,"Atacante, Meio Campista",24,1,0,0,25,51,5,19,11,27,0,0,0,82,4,16,2025
Eduardo Camavinga,França,Meio Campista,21,9,1,1,46,49,1,4,30,57,0,2,0,117,27,20,2025
Dani Ceballos,Espanha,Meio Campista,27,5,0,0,22,49,0,21,18,33,0,1,0,120,2,1,2025
Arda Güler,Turquia,"Meio Campista, Atacante",19,1,0,0,19,44,6,87,12,23,1,0,0,68,8,13,2025
Andriy Lunin,Ucrânia,Goleiro,25,0,0,0,0,1,0,0,0,0,0,0,0,18,4,0,2025
Éder Militão,Brasil,Defensor,26,4,0,0,22,11,0,2,17,21,0,0,0,57,27,18,2025
Dani Carvajal,Espanha,Defensor,32,1,0,0,8,10,0,25,15,15,0,0,0,30,9,8,2025
Endrick,Brasil,Atacante,18,4,0,0,19,18,5,2,6,2,1,0,0,14,6,6,2025
David Alaba,Áustria,Defensor,32,2,0,0,6,1,1,7,8,2,0,0,1,11,5,2,2025
Jacobo Ramón,Espanha,Defensor,19,2,0,0,5,2,0,0,4,4,0,0,0,6,9,7,2025
Jesús Vallejo,Espanha,Defensor,27,0,0,0,0,0,0,0,2,0,0,0,0,8,3,3,2025
Diego Aguado,Espanha,Defensor,17,0,0,0,3,0,0,0,1,0,,,0,,,,2025
Fran,Espanha,Goleiro,19,0,0,0,0,0,0,0,0,0,0,0,0,1,0,0,2025
Lorenzo Aguado,Espanha,Defensor,21,0,0,0,0,2,0,2,1,0,0,0,0,0,0,0,2025
Gonzalo García,Espanha,Meio Campista,20,0,0,0,0,0,0,0,0,0,0,0,0,1,1,0,2025
Chema,Espanha,Meio Campista,19,0,0,0,1,0,0,0,0,0,0,0,0,0,1,1,2025
Víctor Muñoz,Espanha,"Atacante, Defensor",21,0,0,0,2,0,0,2,0,0,0,0,0,1,0,0,2025
Daniel Yáñez,Espanha,Meio Campista,17,0,0,0,0,1,0,0,0,0,0,0,0,0,0,0,2025
Federico Valverde,Uruguai,"Meio Campista, Atacante",25,2,0,0,34,19,1,43,60,51,0,0,0,215,33,26,2024
Antonio Rüdiger,Alemanha,Defensor,30,8,0,0,35,15,3,8,15,21,0,0,1,165,65,31,2024
Rodrygo,Brasil,Atacante,22,2,0,0,15,57,15,46,10,20,2,0,0,88,8,29,2024
Jude Bellingham,Inglaterra,"Meio Campista, Atacante",20,9,1,0,46,102,7,36,30,50,0,0,0,151,35,36,2024
Dani Carvajal,Espanha,Defensor,31,9,1,1,44,31,3,64,32,54,0,0,0,143,37,29,2024
Toni Kroos,Alemanha,Meio Campista,33,5,0,0,23,50,4,174,31,49,0,0,0,205,9,5,2024
Nacho,Espanha,Defensor,33,5,2,0,27,23,2,3,30,19,0,1,1,125,38,35,2024
Vinicius Júnior,Brasil,Atacante,23,11,0,0,36,75,17,94,3,19,0,0,0,71,4,10,2024
Andriy Lunin,Ucrânia,Goleiro,24,2,0,0,0,5,0,0,0,0,0,0,0,25,11,0,2024
Ferland Mendy,França,Defensor,28,6,0,0,26,28,0,10,21,20,0,0,0,132,13,10,2024
Eduardo Camavinga,França,Meio Campista,20,13,0,0,75,96,1,7,40,62,0,1,0,193,30,22,2024
Aurélien Tchouaméni,França,"Meio Campista, Defensor",23,11,0,0,27,25,0,28,43,30,0,0,0,120,65,28,2024
Luka Modrić,Cróacia,Meio Campista,37,2,0,0,29,27,2,135,27,21,0,0,0,118,13,10,2024
Joselu,Espanha,Atacante,33,1,0,0,14,19,20,8,7,3,0,0,0,41,58,40,2024
Brahim Díaz,Marrocos,"Meio Campista, Atacante",23,2,0,0,29,58,6,50,6,25,0,0,0,88,3,13,2024
Lucas Vázquez,Espanha,Defensor,32,2,0,0,29,28,5,67,13,30,1,2,0,100,4,8,2024
Kepa Arrizabalaga,Espanha,Goleiro,28,2,0,0,0,3,0,0,0,1,0,0,0,23,4,0,2024
Fran Garcia,Espanha,Defensor,23,2,0,0,10,16,10,76,21,20,0,0,0,114,8,16,2024
David Alaba,Áustria,Defensor,31,3,0,0,5,0,0,24,18,10,0,0,1,70,12,10,2024
Dani Ceballos,Espanha,Meio Campista,26,2,0,0,8,22,0,21,5,7,0,0,0,45,2,6,2024
Éder Militão,Brasil,Defensor,25,0,0,0,6,5,2,1,4,4,0,0,0,19,13,13,2024
Arda Güler,Turquia,Meio Campista,18,1,0,0,11,9,2,17,3,4,1,0,0,21,0,0,2024
Thibaut Courtois,Bélgica,Goleiro,31,0,0,0,0,1,0,0,0,0,0,0,0,7,2,0,2024
Nicolás Paz,Argentina,Meio Campista,18,0,0,0,2,1,0,2,1,2,0,0,0,6,2,1,2024
Álvaro Carrillo,Espanha,Defensor,21,0,0,0,0,1,0,1,2,2,,,0,,,,2024
Vinicius Tobias,Brasil,Defensor,19,0,0,0,1,3,0,2,0,1,,,0,,,,2024
Mario Martín,Espanha,Meio Campista,19,0,0,0,2,1,0,0,0,1,0,0,0,2,0,0,2024
Gonzalo García,Espanha,Meio Campista,19,0,0,0,0,1,0,0,0,0,0,0,0,1,0,0,2024
Álvaro Rodríguez,Uruguai,Atacante,19,0,0,0,1,0,0,0,0,0,0,0,0,1,0,0,2024
Vinicius Júnior,Brasil,Atacante,22,16,1,0,68,185,33,96,8,36,1,0,0,138,3,8,2023
Thibaut Courtois,Bélgica,Goleiro,30,1,0,0,0,3,0,0,3,1,0,0,0,67,13,0,2023
Éder Militão,Brasil,Defensor,24,9,0,0,60,60,2,19,63,45,1,1,1,197,77,41,2023
Federico Valverde,Uruguai,"Meio Campista, Atacante",24,6,0,0,32,24,6,61,35,35,0,0,0,177,38,16,2023
Rodrygo,Brasil,Atacante,21,4,0,0,29,74,15,40,19,17,3,0,0,86,19,31,2023
Antonio Rüdiger,Alemanha,Defensor,29,2,0,0,18,9,2,6,29,26,0,0,0,192,47,27,2023
Toni Kroos,Alemanha,Meio Campista,32,4,1,1,42,54,0,178,36,57,0,1,0,208,9,6,2023
Karim Benzema,França,Atacante,34,1,0,0,18,9,29,5,2,9,2,0,0,47,17,23,2023
Eduardo Camavinga,França,"Meio Campista, Defensor",19,13,0,0,66,105,4,11,29,87,0,0,0,175,25,14,2023
Dani Carvajal,Espanha,Defensor,30,12,1,1,40,31,7,79,25,35,0,1,0,146,16,16,2023
Luka Modrić,Cróacia,Meio Campista,36,7,0,0,29,26,4,96,22,17,0,0,0,130,17,18,2023
David Alaba,Áustria,Defensor,30,4,0,0,12,3,0,46,23,16,0,1,0,132,13,16,2023
Aurélien Tchouaméni,França,Meio Campista,22,3,0,0,45,41,0,13,59,48,0,0,0,160,54,29,2023
Nacho,Espanha,Defensor,32,9,0,0,36,25,6,24,45,27,0,0,1,120,43,24,2023
Ferland Mendy,França,Defensor,27,4,0,0,11,23,0,11,18,17,0,1,0,99,8,8,2023
Marco Asensio,Espanha,"Atacante, Meio Campista",26,1,0,0,17,23,6,102,11,10,1,1,0,55,4,3,2023
Dani Ceballos,Espanha,Meio Campista,25,9,0,0,24,54,1,18,32,33,0,0,0,141,4,8,2023
Lucas Vázquez,Espanha,Defensor,31,3,0,0,28,25,3,53,11,27,1,0,0,74,1,5,2023
Andriy Lunin,Ucrânia,Goleiro,23,0,0,0,0,0,0,0,0,0,0,0,0,17,1,0,2023
Eden Hazard,Bélgica,"Atacante, Meio Campista",31,0,0,0,2,11,0,0,3,0,0,0,0,10,1,0,2023
Mariano,República Dominicana,Atacante,28,2,0,0,3,0,1,0,0,0,0,0,0,4,5,3,2023
Álvaro Rodríguez,Uruguai,Atacante,18,0,0,0,5,0,4,0,0,2,0,0,0,4,2,4,2023
Casemiro,Brasil,Meio Campista,30,0,0,0,1,0,0,0,0,0,0,0,0,1,0,0,2023
Álvaro Odriozola,Espanha,Defensor,26,0,0,0,1,4,0,3,1,2,0,0,0,1,0,1,2023
Jesús Vallejo,Espanha,Defensor,25,0,0,0,0,1,0,1,0,3,0,0,0,1,0,1,2023
Sergio Arribas,Espanha,Meio Campista,20,0,0,0,1,0,0,1,0,0,0,0,0,2,0,0,2023
Mario Martín,Espanha,Meio Campista,18,0,0,0,0,0,0,0,1,0,,,0,,,,2023
Thibaut Courtois,Bélgica,Goleiro,29,1,0,0,1,3,0,0,0,0,0,1,0,56,10,2,2022
Éder Militão,Brasil,Defensor,23,9,1,0,60,58,1,13,86,47,1,0,0,262,114,45,2022
Vinicius Júnior,Brasil,Atacante,21,7,0,0,51,115,33,62,10,40,5,0,0,155,4,10,2022
David Alaba,Áustria,Defensor,29,4,0,0,26,9,3,58,37,24,0,0,0,180,21,32,2022
Casemiro,Brasil,Meio Campista,29,16,0,0,74,61,4,21,65,76,1,0,0,308,117,56,2022
Karim Benzema,França,Atacante,33,1,0,0,15,14,40,20,5,13,1,0,0,79,25,39,2022
Luka Modrić,Cróacia,Meio Campista,35,6,0,0,29,44,1,63,41,19,0,0,0,178,15,22,2022
Toni Kroos,Alemanha,Meio Campista,31,6,0,0,33,61,0,132,20,46,0,0,0,180,13,14,2022
Federico Valverde,Uruguai,"Meio Campista, Atacante",23,5,0,0,23,14,9,33,35,29,0,0,0,168,23,22,2022
Ferland Mendy,França,Defensor,26,7,0,0,22,32,3,41,25,24,1,1,0,148,16,19,2022
Dani Carvajal,Espanha,Defensor,29,4,0,0,35,17,1,61,33,41,0,2,0,156,23,19,2022
Nacho,Espanha,Defensor,31,9,0,0,23,25,0,17,49,23,0,0,0,120,30,23,2022
Lucas Vázquez,Espanha,"Defensor, Atacante",30,4,0,0,35,46,5,98,23,36,0,0,0,132,3,10,2022
Rodrygo,Brasil,"Atacante, Meio Campista",20,6,0,0,30,49,15,64,26,21,3,0,0,102,16,38,2022
Marco Asensio,Espanha,"Atacante, Meio Campista",25,2,0,0,12,22,3,81,15,10,0,0,0,94,1,10,2022
Eduardo Camavinga,França,Meio Campista,18,10,0,0,47,43,2,3,21,46,0,0,0,103,32,17,2022
Eden Hazard,Bélgica,Atacante,30,3,0,0,10,39,4,16,2,4,0,0,0,28,2,6,2022
Marcelo,Brasil,Defensor,33,0,1,0,7,11,0,36,5,9,0,0,0,39,4,7,2022
Luka Jović,Sérvia,Atacante,23,2,0,0,4,7,4,0,1,1,0,0,0,12,9,9,2022
Isco,Espanha,"Atacante, Meio Campista",29,1,0,0,7,9,1,10,2,6,0,0,0,19,4,1,2022
Mariano,República Dominicana,Atacante,27,2,0,0,3,0,6,1,1,0,0,0,0,4,10,4,2022
Andriy Lunin,Ucrânia,Goleiro,22,0,0,0,1,0,0,0,0,0,0,1,0,1,0,0,2022
Jesús Vallejo,Espanha,Defensor,24,1,0,0,4,1,0,1,7,5,0,1,0,20,13,5,2022
Dani Ceballos,Espanha,"Meio Campista, Atacante",24,1,0,0,4,8,0,1,5,6,0,0,0,28,0,4,2022
Miguel Gutiérrez,Espanha,Defensor,20,1,0,0,3,8,0,13,2,5,0,0,0,17,3,4,2022
Gareth Bale,País de Gales,Atacante,32,2,0,0,3,0,1,3,2,1,0,0,0,4,8,5,2022
Antonio Blanco,Espanha,Meio Campista,21,0,0,0,1,1,0,0,1,0,0,0,0,5,0,1,2022
Peter González,República Dominicana,"Meio Campista, Defensor",19,0,0,0,0,2,0,1,1,0,0,0,0,3,0,1,2022
Mario Gila,Espanha,Defensor,20,0,0,0,0,0,0,0,1,0,0,0,0,6,0,0,2022
Sergio Santos,Espanha,Defensor,20,0,0,0,0,0,0,1,0,0,0,0,0,0,0,0,2022
Juanmi Latasa,Espanha,Atacante,20,0,0,0,0,0,0,0,0,0,0,0,0,0,0,0,2022
Thibaut Courtois,Bélgica,Goleiro,28,1,0,0,1,4,0,0,1,0,0,1,0,70,13,0,2021
Casemiro,Brasil,Meio Campista,28,15,1,1,71,77,5,34,91,65,0,0,0,313,121,85,2021
Karim Benzema,França,Atacante,32,2,0,0,22,30,32,22,10,8,0,0,0,87,33,58,2021
Luka Modrić,Cróacia,Meio Campista,34,4,0,0,35,44,1,96,66,30,0,0,0,263,23,29,2021
Raphaël Varane,França,Defensor,27,4,0,0,22,13,1,3,50,18,0,0,2,195,93,33,2021
Ferland Mendy,França,Defensor,25,5,0,0,30,58,6,49,40,23,0,0,0,175,14,20,2021
Toni Kroos,Alemanha,Meio Campista,30,10,0,0,41,40,2,185,36,30,0,0,0,195,20,13,2021
Lucas Vázquez,Espanha,"Defensor, Atacante",29,5,0,0,54,59,4,144,28,52,0,1,0,163,13,17,2021
Nacho,Espanha,Defensor,30,10,0,0,47,36,3,25,52,22,1,1,0,123,44,42,2021
Vinicius Júnior,Brasil,Atacante,20,4,0,0,40,69,13,55,8,31,2,1,0,121,4,13,2021
Marco Asensio,Espanha,Atacante,24,2,0,0,10,38,7,128,16,12,0,0,0,119,10,13,2021
Federico Valverde,Uruguai,"Meio Campista, Defensor",22,3,0,0,19,13,3,31,40,26,0,0,0,101,17,11,2021
Sergio Ramos,Espanha,Defensor,34,4,0,0,24,9,2,2,27,14,1,1,0,108,43,22,2021
Éder Militão,Brasil,Defensor,22,4,1,0,19,18,0,4,29,20,0,1,0,93,40,16,2021
Marcelo,Brasil,Defensor,32,4,0,0,15,18,4,69,11,26,0,1,0,74,5,18,2021
Rodrygo,Brasil,"Atacante, Meio Campista",19,0,0,0,18,30,2,38,9,8,0,0,0,58,6,23,2021
Dani Carvajal,Espanha,Defensor,28,5,0,0,18,10,0,32,15,21,0,1,0,70,15,9,2021
Isco,Espanha,"Atacante, Meio Campista",28,1,0,0,21,25,1,37,6,9,0,0,0,54,7,15,2021
Álvaro Odriozola,Espanha,Defensor,24,2,0,0,7,7,1,47,7,10,0,0,0,38,2,8,2021
Eden Hazard,Bélgica,Atacante,29,0,0,0,4,30,3,6,5,2,0,0,0,25,2,11,2021
Mariano,República Dominicana,Atacante,26,1,0,0,16,6,15,0,0,2,0,0,0,12,22,16,2021
Martin Ødegaard,Noruega,Meio Campista,21,0,0,0,1,1,0,13,1,1,0,0,0,14,1,4,2021
Miguel Gutiérrez,Espanha,"Defensor, Meio Campista",19,0,0,0,6,7,1,19,5,0,0,0,0,23,6,4,2021
Antonio Blanco,Espanha,Meio Campista,20,0,0,0,6,2,0,2,3,2,0,0,0,14,0,5,2021
Víctor Chust,Espanha,Defensor,20,0,0,0,2,2,0,0,3,1,0,0,0,7,3,2,2021
Luka Jović,Sérvia,Atacante,22,0,0,0,3,1,2,1,0,0,0,0,0,1,3,5,2021
Sergio Arribas,Espanha,Atacante,18,1,0,0,2,2,2,1,4,1,0,0,0,12,2,4,2021
Marvin,Espanha,Atacante,20,0,0,0,1,5,0,4,2,2,0,0,0,5,3,1,2021
Andriy Lunin,Ucrânia,Goleiro,21,1,0,0,0,0,0,0,0,0,,,0,,,,2021
Hugo Duro,Espanha,Atacante,20,0,0,0,2,1,0,0,0,1,0,0,0,2,1,5,2021
Borja Mayoral,Espanha,Atacante,23,0,0,0,2,0,2,0,0,0,0,0,0,0,0,0,2021
Casemiro,Brasil,Meio Campista,27,14,0,0,98,86,4,32,84,80,0,0,0,357,112,72,2020
Karim Benzema,França,Atacante,31,0,0,0,24,18,35,26,9,12,0,0,0,79,40,47,2020
Thibaut Courtois,Bélgica,Goleiro,27,2,0,0,0,4,0,0,3,0,0,0,0,66,6,0,2020
Raphaël Varane,França,Defensor,26,3,0,0,25,14,1,3,47,25,0,0,0,191,94,49,2020
Sergio Ramos,Espanha,Defensor,33,10,1,0,60,34,8,3,73,38,1,1,0,237,81,56,2020
Dani Carvajal,Espanha,Defensor,27,13,0,0,57,39,3,144,47,60,1,1,0,231,30,44,2020
Toni Kroos,Alemanha,Meio Campista,29,3,0,0,38,55,3,189,34,44,1,0,0,208,12,14,2020
Federico Valverde,Uruguai,Meio Campista,21,4,1,0,37,15,0,26,37,28,0,0,0,135,31,20,2020
Luka Modrić,Cróacia,Meio Campista,33,11,1,0,42,41,2,72,30,23,1,0,0,161,13,27,2020
Ferland Mendy,França,Defensor,24,9,1,1,33,37,1,89,30,31,1,0,0,118,29,27,2020
Marcelo,Brasil,Defensor,31,3,0,0,12,22,1,101,26,16,2,0,0,106,10,9,2020
Vinicius Júnior,Brasil,Atacante,19,6,0,0,28,36,16,46,6,22,1,0,0,81,5,4,2020
Isco,Espanha,"Meio Campista, Atacante",27,2,0,0,20,38,7,45,10,14,0,0,0,80,6,20,2020
Eden Hazard,Bélgica,Atacante,28,1,0,0,14,66,3,21,9,6,3,0,0,81,7,10,2020
Éder Militão,Brasil,Defensor,21,4,0,0,22,22,2,2,32,22,0,0,0,66,39,13,2020
Rodrygo,Brasil,Atacante,18,0,0,0,10,24,5,56,16,6,0,0,0,57,9,30,2020
Gareth Bale,País de Gales,"Atacante, Meio Campista",30,4,1,1,17,12,5,49,10,5,0,0,0,38,30,13,2020
Lucas Vázquez,Espanha,"Atacante, Meio Campista",28,1,0,0,32,18,5,59,11,20,1,0,0,75,3,8,2020
Luka Jović,Sérvia,Atacante,21,2,0,0,7,3,5,0,2,2,0,0,0,12,22,19,2020
Alphonse Areola,França,Goleiro,26,1,0,0,1,0,0,0,0,0,0,1,0,11,1,0,2020
James Rodríguez,Colômbia,Meio Campista,28,1,0,0,11,9,3,33,3,17,0,0,0,20,5,6,2020
Nacho,Espanha,Defensor,29,3,0,0,11,9,0,26,17,15,0,0,0,26,13,11,2020
Álvaro Odriozola,Espanha,Defensor,23,3,1,1,9,5,0,9,2,2,0,0,0,18,0,7,2020
Marco Asensio,Espanha,Atacante,23,0,0,0,2,4,1,12,1,3,0,0,0,18,2,4,2020
Brahim Díaz,Marrocos,Atacante,19,1,0,0,4,6,0,1,1,1,0,0,0,3,0,2,2020
Mariano,República Dominicana,"Atacante, Meio Campista",25,1,0,0,4,0,0,0,0,0,0,0,0,2,2,2,2020
Karim Benzema,França,Atacante,30,1,0,0,27,28,42,29,11,14,1,0,0,71,52,66,2019
Raphaël Varane,França,Defensor,25,1,1,0,14,14,1,3,46,24,0,2,1,176,101,42,2019
Sergio Ramos,Espanha,Defensor,32,13,1,1,47,42,5,2,64,44,0,1,0,218,70,38,2019
Luka Modrić,Cróacia,Meio Campista,32,8,0,0,38,54,5,88,48,36,0,0,0,189,14,20,2019
Toni Kroos,Alemanha,Meio Campista,28,3,0,0,37,76,2,208,27,53,0,0,0,223,25,18,2019
Casemiro,Brasil,Meio Campista,26,9,1,1,76,57,1,10,64,78,1,3,0,240,95,71,2019
Thibaut Courtois,Bélgica,Goleiro,26,2,0,0,0,5,0,0,2,0,0,0,0,28,7,0,2019
Dani Carvajal,Espanha,Defensor,26,12,0,0,42,42,2,87,43,42,0,0,0,166,23,25,2019
Marcelo,Brasil,Defensor,30,8,0,0,25,32,7,105,26,30,0,0,0,130,8,27,2019
Lucas Vázquez,Espanha,"Atacante, Defensor",27,9,1,1,69,69,6,103,15,52,0,0,0,99,8,25,2019
Nacho,Espanha,Defensor,28,12,2,2,34,17,2,17,54,31,0,0,0,129,40,35,2019
Gareth Bale,País de Gales,Atacante,29,4,0,0,24,27,21,92,16,8,0,0,0,46,49,41,2019
Marco Asensio,Espanha,"Atacante, Meio Campista",22,4,0,0,25,31,10,109,23,12,3,0,0,95,6,17,2019
Keylor Navas,Costa Rica,Goleiro,31,1,0,0,0,4,0,0,2,0,0,0,0,27,4,0,2019
Dani Ceballos,Espanha,Meio Campista,21,5,0,0,24,53,1,16,21,33,0,0,0,112,10,18,2019
Álvaro Odriozola,Espanha,Defensor,22,2,0,0,20,24,6,89,21,34,3,1,0,70,2,17,2019
Sergio Reguilón,Espanha,Defensor,21,4,0,0,35,38,0,56,35,26,0,1,0,90,19,18,2019
Vinicius Júnior,Brasil,Atacante,18,1,0,0,21,43,12,41,8,16,2,0,0,42,1,3,2019
Isco,Espanha,"Atacante, Meio Campista",26,4,0,0,26,49,6,64,10,22,0,0,0,78,6,19,2019
Federico Valverde,Uruguai,Meio Campista,20,6,0,0,23,2,1,6,31,21,0,0,0,59,10,7,2019
Marcos Llorente,Espanha,Meio Campista,23,2,0,0,23,15,1,3,14,22,0,1,0,58,4,4,2019
Mariano,República Dominicana,Atacante,24,2,0,0,10,6,16,1,1,2,0,0,0,6,15,16,2019
Jesús Vallejo,Espanha,Defensor,21,1,1,0,5,2,0,0,12,8,0,2,0,22,9,8,2019
Brahim Díaz,Marrocos,Atacante,18,0,0,0,5,16,0,5,0,9,0,0,0,13,0,5,2019
Javi Sánchez,Espanha,Defensor,21,2,0,0,7,0,0,0,5,4,0,1,0,10,7,4,2019
Luca Zidane,França,Goleiro,20,0,0,0,0,1,0,0,0,0,0,0,0,3,0,0,2019
Cristo González,Espanha,Atacante,20,0,0,0,1,0,0,0,1,1,0,0,0,2,0,2,2019
Fran Garcia,Espanha,Defensor,18,0,0,0,0,0,0,1,2,1,0,0,0,,,,2019
Borja Mayoral,Espanha,Atacante,21,0,0,0,1,0,0,0,0,0,0,0,0,,,,2019
Álvaro Fidalgo,Espanha,Meio Campista,21,0,0,0,0,0,0,0,0,0,0,0,0,,,,2019