Jogadores,Imagem Principal,Imagens Filtros,Nacionalidade
Federico Valverde,https://github.com/RafaelMoura98/Projeto-Dashboard-Madrid/blob/Desenvolvimento/Assets/Jogadores/Imagem%20Inteiras/Federico%20Valverde.png?raw=true,https://github.com/RafaelMoura98/Projeto-Dashboard-Madrid/blob/Desenvolvimento/Assets/Jogadores/Imagens%20Filtros/Valverde.png?raw=true,Uruguai
Kylian Mbappé,https://github.com/RafaelMoura98/Projeto-Dashboard-Madrid/blob/Desenvolvimento/Assets/Jogadores/Imagem%20Inteiras/Kyllian%20Mbapp%C3%A9.png?raw=true,https://github.com/RafaelMoura98/Projeto-Dashboard-Madrid/blob/Desenvolvimento/Assets/Jogadores/Imagens%20Filtros/Mbapp%C3%A9.png?raw=true,França
Jude Bellingham,https://github.com/RafaelMoura98/Projeto-Dashboard-Madrid/blob/Desenvolvimento/Assets/Jogadores/Imagem%20Inteiras/Jude%20Bellingham.png?raw=true,https://github.com/RafaelMoura98/Projeto-Dashboard-Madrid/blob/Desenvolvimento/Assets/Jogadores/Imagens%20Filtros/Bellingham.png?raw=true,Inglaterra
Aurélien Tchouaméni,https://github.com/RafaelMoura98/Projeto-Dashboard-Madrid/blob/Desenvolvimento/Assets/Jogadores/Imagem%20Inteiras/Aur%C3%A9lien%20Tchouam%C3%A9ni.png?raw=true,https://github.com/RafaelMoura98/Projeto-Dashboard-Madrid/blob/Desenvolvimento/Assets/Jogadores/Imagens%20Filtros/Tchouam%C3%A9ni.png?raw=true,França
Thibaut Courtois,https://github.com/RafaelMoura98/Projeto-Dashboard-Madrid/blob/Desenvolvimento/Assets/Jogadores/Imagem%20Inteiras/Thibaut%20Courtois.png?raw=true,https://github.com/RafaelMoura98/Projeto-Dashboard-Madrid/blob/Desenvolvimento/Assets/Jogadores/Imagens%20Filtros/Courtois.png?raw=true,Bélgica
Antonio Rüdiger,https://github.com/RafaelMoura98/Projeto-Dashboard-Madrid/blob/Desenvolvimento/Assets/Jogadores/Imagem%20Inteiras/Antonio%20R%C3%BCdiger.png?raw=true,https://github.com/RafaelMoura98/Projeto-Dashboard-Madrid/blob/Desenvolvimento/Assets/Jogadores/Imagens%20Filtros/Rudiger.png?raw=true,Alemanha
Vinicius Júnior,https://github.com/RafaelMoura98/Projeto-Dashboard-Madrid/blob/Desenvolvimento/Assets/Jogadores/Imagem%20Inteiras/Vinicius%20J%C3%BAnior.png?raw=true,https://github.com/RafaelMoura98/Projeto-Dashboard-Madrid/blob/Desenvolvimento/Assets/Jogadores/Imagens%20Filtros/Vini%20Jr.png?raw=true,Brasil
Rodrygo,https://github.com/RafaelMoura98/Projeto-Dashboard-Madrid/blob/Desenvolvimento/Assets/Jogadores/Imagem%20Inteiras/Rodrygo.png?raw=true,https://github.com/RafaelMoura98/Projeto-Dashboard-Madrid/blob/Desenvolvimento/Assets/Jogadores/Imagens%20Filtros/Rodrygo.png?raw=true,Brasil
Lucas Vázquez,https://github.com/RafaelMoura98/Projeto-Dashboard-Madrid/blob/Desenvolvimento/Assets/Jogadores/Imagem%20Inteiras/Lucas%20V%C3%A1zquez.png?raw=true,https://github.com/RafaelMoura98/Projeto-Dashboard-Madrid/blob/Desenvolvimento/Assets/Jogadores/Imagens%20Filtros/Lucas%20V%C3%A1squez.png?raw=true,Espanha
Raúl Asencio,https://github.com/RafaelMoura98/Projeto-Dashboard-Madrid/blob/Desenvolvimento/Assets/Jogadores/Imagem%20Inteiras/Raul%20Asencio.png?raw=true,https://github.com/RafaelMoura98/Projeto-Dashboard-Madrid/blob/Desenvolvimento/Assets/Jogadores/Imagens%20Filtros/Ra%C3%BAl%20Asencio.png?raw=true,Espanha
Fran Garcia,https://github.com/RafaelMoura98/Projeto-Dashboard-Madrid/blob/Desenvolvimento/Assets/Jogadores/Imagem%20Inteiras/Fran%20Garcia.png?raw=true,https://github.com/RafaelMoura98/Projeto-Dashboard-Madrid/blob/Desenvolvimento/Assets/Jogadores/Imagens%20Filtros/Fran%20Garcia.png?raw=true,Espanha
Luka Modrić,https://github.com/RafaelMoura98/Projeto-Dashboard-Madrid/blob/Desenvolvimento/Assets/Jogadores/Imagem%20Inteiras/Luka%20Modri%C4%87.png?raw=true,https://github.com/RafaelMoura98/Projeto-Dashboard-Madrid/blob/Desenvolvimento/Assets/Jogadores/Imagens%20Filtros/Modric.png?raw=true,Cróacia
Ferland Mendy,https://github.com/RafaelMoura98/Projeto-Dashboard-Madrid/blob/Desenvolvimento/Assets/Jogadores/Imagem%20Inteiras/Ferland%20Mendy.png?raw=true,https://github.com/RafaelMoura98/Projeto-Dashboard-Madrid/blob/Desenvolvimento/Assets/Jogadores/Imagens%20Filtros/Mendy.png?raw=true,França
Brahim Díaz,https://github.com/RafaelMoura98/Projeto-Dashboard-Madrid/blob/Desenvolvimento/Assets/Jogadores/Imagem%20Inteiras/Brahim%20D%C3%ADaz.png?raw=true,https://github.com/RafaelMoura98/Projeto-Dashboard-Madrid/blob/Desenvolvimento/Assets/Jogadores/Imagens%20Filtros/Brahim.png?raw=true,Marrocos
Eduardo Camavinga,https://github.com/RafaelMoura98/Projeto-Dashboard-Madrid/blob/Desenvolvimento/Assets/Jogadores/Imagem%20Inteiras/Eduardo%20Camavinga.png?raw=true,https://github.com/RafaelMoura98/Projeto-Dashboard-Madrid/blob/Desenvolvimento/Assets/Jogadores/Imagens%20Filtros/Camavinga.png?raw=true,França
Dani Ceballos,https://github.com/RafaelMoura98/Projeto-Dashboard-Madrid/blob/Desenvolvimento/Assets/Jogadores/Imagem%20Inteiras/Dani%20Ceballos.png?raw=true,https://github.com/RafaelMoura98/Projeto-Dashboard-Madrid/blob/Desenvolvimento/Assets/Jogadores/Imagens%20Filtros/Ceballos.png?raw=true,Espanha
Arda Güler,https://github.com/RafaelMoura98/Projeto-Dashboard-Madrid/blob/Desenvolvimento/Assets/Jogadores/Imagem%20Inteiras/Arda%20Guler.png?raw=true,https://github.com/RafaelMoura98/Projeto-Dashboard-Madrid/blob/Desenvolvimento/Assets/Jogadores/Imagens%20Filtros/Guler.png?raw=true,Turquia
Andriy Lunin,https://github.com/RafaelMoura98/Projeto-Dashboard-Madrid/blob/Desenvolvimento/Assets/Jogadores/Imagem%20Inteiras/Andriy%20Lunin.png?raw=true,https://github.com/RafaelMoura98/Projeto-Dashboard-Madrid/blob/Desenvolvimento/Assets/Jogadores/Imagens%20Filtros/Lunin.png?raw=true,Ucrânia
Éder Militão,https://github.com/RafaelMoura98/Projeto-Dashboard-Madrid/blob/Desenvolvimento/Assets/Jogadores/Imagem%20Inteiras/%C3%89der%20Milit%C3%A3o.png?raw=true,https://github.com/RafaelMoura98/Projeto-Dashboard-Madrid/blob/Desenvolvimento/Assets/Jogadores/Imagens%20Filtros/Milit%C3%A3o.png?raw=true,Brasil
Dani Carvajal,https://github.com/RafaelMoura98/Projeto-Dashboard-Madrid/blob/Desenvolvimento/Assets/Jogadores/Imagem%20Inteiras/Dani%20Carvajal.png?raw=true,https://github.com/RafaelMoura98/Projeto-Dashboard-Madrid/blob/Desenvolvimento/Assets/Jogadores/Imagens%20Filtros/Carvajal.png?raw=true,Espanha
Endrick,https://github.com/RafaelMoura98/Projeto-Dashboard-Madrid/blob/Desenvolvimento/Assets/Jogadores/Imagem%20Inteiras/Endrick.png?raw=true,https://github.com/RafaelMoura98/Projeto-Dashboard-Madrid/blob/Desenvolvimento/Assets/Jogadores/Imagens%20Filtros/Endrick.png?raw=true,Brasil
David Alaba,https://github.com/RafaelMoura98/Projeto-Dashboard-Madrid/blob/Desenvolvimento/Assets/Jogadores/Imagem%20Inteiras/David%20Alaba.png?raw=true,https://github.com/RafaelMoura98/Projeto-Dashboard-Madrid/blob/Desenvolvimento/Assets/Jogadores/Imagens%20Filtros/Alaba.png?raw=true,Áustria
Jacobo Ramón,https://github.com/RafaelMoura98/Projeto-Dashboard-Madrid/blob/Desenvolvimento/Assets/Jogadores/Imagem%20Inteiras/Jacobo%20Ramon.png?raw=true,https://github.com/RafaelMoura98/Projeto-Dashboard-Madrid/blob/Desenvolvimento/Assets/Jogadores/Imagens%20Filtros/Jacobo.png?raw=true,Espanha
Jesús Vallejo,https://github.com/RafaelMoura98/Projeto-Dashboard-Madrid/blob/Desenvolvimento/Assets/Jogadores/Imagem%20Inteiras/Jes%C3%BAs%20Vallejo.png?raw=true,https://github.com/RafaelMoura98/Projeto-Dashboard-Madrid/blob/Desenvolvimento/Assets/Jogadores/Imagens%20Filtros/Vallejo.png?raw=true,Espanha
Diego Aguado,https://github.com/RafaelMoura98/Projeto-Dashboard-Madrid/blob/Desenvolvimento/Assets/Jogadores/Imagem%20Inteiras/Diego%20Aguado.png?raw=true,https://github.com/RafaelMoura98/Projeto-Dashboard-Madrid/blob/Desenvolvimento/Assets/Jogadores/Imagens%20Filtros/Diego%20Aguado.png?raw=true,Espanha
Fran,https://github.com/RafaelMoura98/Projeto-Dashboard-Madrid/blob/Desenvolvimento/Assets/Jogadores/Imagem%20Inteiras/Fran.png?raw=true,https://github.com/RafaelMoura98/Projeto-Dashboard-Madrid/blob/Desenvolvimento/Assets/Jogadores/Imagens%20Filtros/Fran.png?raw=true,Espanha
Lorenzo Aguado,https://github.com/RafaelMoura98/Projeto-Dashboard-Madrid/blob/Desenvolvimento/Assets/Jogadores/Imagem%20Inteiras/Lorenzo%20Aguado.png?raw=true,https://github.com/RafaelMoura98/Projeto-Dashboard-Madrid/blob/Desenvolvimento/Assets/Jogadores/Imagens%20Filtros/Lorenzo%20Aguado.png?raw=true,Espanha
Gonzalo García,https://github.com/RafaelMoura98/Projeto-Dashboard-Madrid/blob/Desenvolvimento/Assets/Jogadores/Imagem%20Inteiras/Gonzalo%20Garcia.png?raw=true,https://github.com/RafaelMoura98/Projeto-Dashboard-Madrid/blob/Desenvolvimento/Assets/Jogadores/Imagens%20Filtros/Gonzalo%20Garcia.png?raw=true,Espanha
Chema,https://github.com/RafaelMoura98/Projeto-Dashboard-Madrid/blob/Desenvolvimento/Assets/Jogadores/Imagem%20Inteiras/Chema.png?raw=true,https://github.com/RafaelMoura98/Projeto-Dashboard-Madrid/blob/Desenvolvimento/Assets/Jogadores/Imagens%20Filtros/Chema.png?raw=true,Espanha
Víctor Muñoz,https://github.com/RafaelMoura98/Projeto-Dashboard-Madrid/blob/Desenvolvimento/Assets/Jogadores/Imagem%20Inteiras/Victor%20Mu%C3%B1oz.png?raw=true,https://github.com/RafaelMoura98/Projeto-Dashboard-Madrid/blob/Desenvolvimento/Assets/Jogadores/Imagens%20Filtros/Victor%20Mu%C3%B1oz.png?raw=true,Espanha
Daniel Yáñez,https://github.com/RafaelMoura98/Projeto-Dashboard-Madrid/blob/Desenvolvimento/Assets/Jogadores/Imagem%20Inteiras/Daniel%20Y%C3%A1%C3%B1ez.png?raw=true,https://github.com/RafaelMoura98/Projeto-Dashboard-Madrid/blob/Desenvolvimento/Assets/Jogadores/Imagens%20Filtros/Y%C3%A1%C3%B1ez.png?raw=true,Espanha
Toni Kroos,https://github.com/RafaelMoura98/Projeto-Dashboard-Madrid/blob/Desenvolvimento/Assets/Jogadores/Imagem%20Inteiras/Toni%20Kroos.png?raw=true,https://github.com/RafaelMoura98/Projeto-Dashboard-Madrid/blob/Desenvolvimento/Assets/Jogadores/Imagens%20Filtros/Kroos.png?raw=true,Alemanha
Nacho,https://github.com/RafaelMoura98/Projeto-Dashboard-Madrid/blob/Desenvolvimento/Assets/Jogadores/Imagem%20Inteiras/Nacho.png?raw=true,https://github.com/RafaelMoura98/Projeto-Dashboard-Madrid/blob/Desenvolvimento/Assets/Jogadores/Imagens%20Filtros/Nacho.png?raw=true,Espanha
Joselu,https://github.com/RafaelMoura98/Projeto-Dashboard-Madrid/blob/Desenvolvimento/Assets/Jogadores/Imagem%20Inteiras/Joselu.png?raw=true,https://github.com/RafaelMoura98/Projeto-Dashboard-Madrid/blob/Desenvolvimento/Assets/Jogadores/Imagens%20Filtros/Joselu.png?raw=true,Espanha
Kepa Arrizabalaga,https://github.com/RafaelMoura98/Projeto-Dashboard-Madrid/blob/Desenvolvimento/Assets/Jogadores/Imagem%20Inteiras/Kepa%20Arrizabalaga.png?raw=true,https://github.com/RafaelMoura98/Projeto-Dashboard-Madrid/blob/Desenvolvimento/Assets/Jogadores/Imagens%20Filtros/Kepa.png?raw=true,Espanha
Nicolás Paz,https://github.com/RafaelMoura98/Projeto-Dashboard-Madrid/blob/Desenvolvimento/Assets/Jogadores/Imagem%20Inteiras/Nicol%C3%A1s%20Paz.png?raw=true,https://github.com/RafaelMoura98/Projeto-Dashboard-Madrid/blob/Desenvolvimento/Assets/Jogadores/Imagens%20Filtros/Nico%20Paz.png?raw=true,Argentina
Álvaro Carrillo,https://github.com/RafaelMoura98/Projeto-Dashboard-Madrid/blob/Desenvolvimento/Assets/Jogadores/Imagem%20Inteiras/A%CC%81lvaro%20Carrillo.png?raw=true,https://github.com/RafaelMoura98/Projeto-Dashboard-Madrid/blob/Desenvolvimento/Assets/Jogadores/Imagens%20Filtros/Carrillo.png?raw=true,Espanha
Vinicius Tobias,https://github.com/RafaelMoura98/Projeto-Dashboard-Madrid/blob/Desenvolvimento/Assets/Jogadores/Imagem%20Inteiras/Vinicius%20Tobias.png?raw=true,https://github.com/RafaelMoura98/Projeto-Dashboard-Madrid/blob/Desenvolvimento/Assets/Jogadores/Imagens%20Filtros/Vini%20Tobias.png?raw=true,Brasil
Mario Martín,https://github.com/RafaelMoura98/Projeto-Dashboard-Madrid/blob/Desenvolvimento/Assets/Jogadores/Imagem%20Inteiras/Mario%20Mart%C3%ADn.png?raw=true,https://github.com/RafaelMoura98/Projeto-Dashboard-Madrid/blob/Desenvolvimento/Assets/Jogadores/Imagens%20Filtros/Mart%C3%ADn.png?raw=true,Espanha
Álvaro Rodríguez,https://github.com/RafaelMoura98/Projeto-Dashboard-Madrid/blob/Desenvolvimento/Assets/Jogadores/Imagem%20Inteiras/%C3%81lvaro%20Rodr%C3%ADguez.png?raw=true,https://github.com/RafaelMoura98/Projeto-Dashboard-Madrid/blob/Desenvolvimento/Assets/Jogadores/Imagens%20Filtros/%C3%81lvaro.png?raw=true,Uruguai
Álvaro Odriozola,https://github.com/RafaelMoura98/Projeto-Dashboard-Madrid/blob/Desenvolvimento/Assets/Jogadores/Imagem%20Inteiras/%C3%81lvaro%20Odriozola.png?raw=true,https://github.com/RafaelMoura98/Projeto-Dashboard-Madrid/blob/Desenvolvimento/Assets/Jogadores/Imagens%20Filtros/Odriozola.png?raw=true,Espanha
Karim Benzema,https://github.com/RafaelMoura98/Projeto-Dashboard-Madrid/blob/Desenvolvimento/Assets/Jogadores/Imagem%20Inteiras/Karim%20Benzema.png?raw=true,https://github.com/RafaelMoura98/Projeto-Dashboard-Madrid/blob/Desenvolvimento/Assets/Jogadores/Imagens%20Filtros/Benzema.png?raw=true,França
Marco Asensio,https://github.com/RafaelMoura98/Projeto-Dashboard-Madrid/blob/Desenvolvimento/Assets/Jogadores/Imagem%20Inteiras/Marco%20Asensio.png?raw=true,https://github.com/RafaelMoura98/Projeto-Dashboard-Madrid/blob/Desenvolvimento/Assets/Jogadores/Imagens%20Filtros/Asensio.png?raw=true,Espanha
Eden Hazard,https://github.com/RafaelMoura98/Projeto-Dashboard-Madrid/blob/Desenvolvimento/Assets/Jogadores/Imagem%20Inteiras/Eden%20Hazard.png?raw=true,https://github.com/RafaelMoura98/Projeto-Dashboard-Madrid/blob/Desenvolvimento/Assets/Jogadores/Imagens%20Filtros/Hazard.png?raw=true,Bélgica
Mariano,https://github.com/RafaelMoura98/Projeto-Dashboard-Madrid/blob/Desenvolvimento/Assets/Jogadores/Imagem%20Inteiras/Mariano.png?raw=true,https://github.com/RafaelMoura98/Projeto-Dashboard-Madrid/blob/Desenvolvimento/Assets/Jogadores/Imagens%20Filtros/Mariano.png?raw=true,República Dominicana
Casemiro,https://github.com/RafaelMoura98/Projeto-Dashboard-Madrid/blob/Desenvolvimento/Assets/Jogadores/Imagem%20Inteiras/Casemiro.png?raw=true,https://github.com/RafaelMoura98/Projeto-Dashboard-Madrid/blob/Desenvolvimento/Assets/Jogadores/Imagens%20Filtros/Casemiro.png?raw=true,Brasil
Sergio Arribas,https://github.com/RafaelMoura98/Projeto-Dashboard-Madrid/blob/Desenvolvimento/Assets/Jogadores/Imagem%20Inteiras/Sergio%20Arribas.png?raw=true,https://github.com/RafaelMoura98/Projeto-Dashboard-Madrid/blob/Desenvolvimento/Assets/Jogadores/Imagens%20Filtros/Arribas.png?raw=true,Espanha
Marcelo,https://github.com/RafaelMoura98/Projeto-Dashboard-Madrid/blob/Desenvolvimento/Assets/Jogadores/Imagem%20Inteiras/Marcelo.png?raw=true,https://github.com/RafaelMoura98/Projeto-Dashboard-Madrid/blob/Desenvolvimento/Assets/Jogadores/Imagens%20Filtros/Marcelo.png?raw=true,Brasil
Gareth Bale,https://github.com/RafaelMoura98/Projeto-Dashboard-Madrid/blob/Desenvolvimento/Assets/Jogadores/Imagem%20Inteiras/Gareth%20Bale.png?raw=true,https://github.com/RafaelMoura98/Projeto-Dashboard-Madrid/blob/Desenvolvimento/Assets/Jogadores/Imagens%20Filtros/Bale.png?raw=true,País de Gales
Isco,https://github.com/RafaelMoura98/Projeto-Dashboard-Madrid/blob/Desenvolvimento/Assets/Jogadores/Imagem%20Inteiras/Isco.png?raw=true,https://github.com/RafaelMoura98/Projeto-Dashboard-Madrid/blob/Desenvolvimento/Assets/Jogadores/Imagens%20Filtros/Isco.png?raw=true,Espanha
Miguel Gutiérrez,https://github.com/RafaelMoura98/Projeto-Dashboard-Madrid/blob/Desenvolvimento/Assets/Jogadores/Imagem%20Inteiras/Miguel%20Guti%C3%A9rrez.png?raw=true,https://github.com/RafaelMoura98/Projeto-Dashboard-Madrid/blob/Desenvolvimento/Assets/Jogadores/Imagens%20Filtros/Guti%C3%A9rrez.png?raw=true,Espanha
Luka Jović,https://github.com/RafaelMoura98/Projeto-Dashboard-Madrid/blob/Desenvolvimento/Assets/Jogadores/Imagem%20Inteiras/Luka%20Jovi%C4%87.png?raw=true,https://github.com/RafaelMoura98/Projeto-Dashboard-Madrid/blob/Desenvolvimento/Assets/Jogadores/Imagens%20Filtros/Jovic.png?raw=true,Sérvia
Antonio Blanco,https://github.com/RafaelMoura98/Projeto-Dashboard-Madrid/blob/Desenvolvimento/Assets/Jogadores/Imagem%20Inteiras/Antonio%20Blanco.png?raw=true,https://github.com/RafaelMoura98/Projeto-Dashboard-Madrid/blob/Desenvolvimento/Assets/Jogadores/Imagens%20Filtros/Blanco.png?raw=true,Espanha
Peter González,https://github.com/RafaelMoura98/Projeto-Dashboard-Madrid/blob/Desenvolvimento/Assets/Jogadores/Imagem%20Inteiras/Peter%20Gonz%C3%A1lez.png?raw=true,https://github.com/RafaelMoura98/Projeto-Dashboard-Madrid/blob/Desenvolvimento/Assets/Jogadores/Imagens%20Filtros/Peter.png?raw=true,República Dominicana
Mario Gila,https://github.com/RafaelMoura98/Projeto-Dashboard-Madrid/blob/Desenvolvimento/Assets/Jogadores/Imagem%20Inteiras/Mario%20Gila.png?raw=true,https://github.com/RafaelMoura98/Projeto-Dashboard-Madrid/blob/Desenvolvimento/Assets/Jogadores/Imagens%20Filtros/Gila.png?raw=true,Espanha
Sergio Santos,https://github.com/RafaelMoura98/Projeto-Dashboard-Madrid/blob/Desenvolvimento/Assets/Jogadores/Imagem%20Inteiras/Sergio%20Santos.png?raw=true,https://github.com/RafaelMoura98/Projeto-Dashboard-Madrid/blob/Desenvolvimento/Assets/Jogadores/Imagens%20Filtros/Santos.png?raw=true,Espanha
Juanmi Latasa,https://github.com/RafaelMoura98/Projeto-Dashboard-Madrid/blob/Desenvolvimento/Assets/Jogadores/Imagem%20Inteiras/Juanmi%20Latasa.png?raw=true,https://github.com/RafaelMoura98/Projeto-Dashboard-Madrid/blob/Desenvolvimento/Assets/Jogadores/Imagens%20Filtros/Latasa.png?raw=true,Espanha
Raphaël Varane,https://github.com/RafaelMoura98/Projeto-Dashboard-Madrid/blob/Desenvolvimento/Assets/Jogadores/Imagem%20Inteiras/Rapha%C3%ABl%20Varane.png?raw=true,https://github.com/RafaelMoura98/Projeto-Dashboard-Madrid/blob/Desenvolvimento/Assets/Jogadores/Imagens%20Filtros/Varane.png?raw=true,França
Sergio Ramos,https://github.com/RafaelMoura98/Projeto-Dashboard-Madrid/blob/Desenvolvimento/Assets/Jogadores/Imagem%20Inteiras/Sergio%20Ramos.png?raw=true,https://github.com/RafaelMoura98/Projeto-Dashboard-Madrid/blob/Desenvolvimento/Assets/Jogadores/Imagens%20Filtros/Sergio%20Ramos.png?raw=true,Espanha
Martin Ødegaard,https://github.com/RafaelMoura98/Projeto-Dashboard-Madrid/blob/Desenvolvimento/Assets/Jogadores/Imagem%20Inteiras/Martin%20%C3%98degaard.png?raw=true,https://github.com/RafaelMoura98/Projeto-Dashboard-Madrid/blob/Desenvolvimento/Assets/Jogadores/Imagens%20Filtros/Odegaard.png?raw=true,Noruega
Víctor Chust,https://github.com/RafaelMoura98/Projeto-Dashboard-Madrid/blob/Desenvolvimento/Assets/Jogadores/Imagem%20Inteiras/V%C3%ADctor%20Chust.png?raw=true,https://github.com/RafaelMoura98/Projeto-Dashboard-Madrid/blob/Desenvolvimento/Assets/Jogadores/Imagens%20Filtros/Chust.png?raw=true,Espanha
Marvin,https://github.com/RafaelMoura98/Projeto-Dashboard-Madrid/blob/Desenvolvimento/Assets/Jogadores/Imagem%20Inteiras/Marvin.png?raw=true,https://github.com/RafaelMoura98/Projeto-Dashboard-Madrid/blob/Desenvolvimento/Assets/Jogadores/Imagens%20Filtros/Marvin.png?raw=true,Espanha
Hugo Duro,https://github.com/RafaelMoura98/Projeto-Dashboard-Madrid/blob/Desenvolvimento/Assets/Jogadores/Imagem%20Inteiras/Hugo%20Duro.png?raw=true,https://github.com/RafaelMoura98/Projeto-Dashboard-Madrid/blob/Desenvolvimento/Assets/Jogadores/Imagens%20Filtros/Hugo%20Duro.png?raw=true,Espanha
Borja Mayoral,https://github.com/RafaelMoura98/Projeto-Dashboard-Madrid/blob/Desenvolvimento/Assets/Jogadores/Imagem%20Inteiras/Borja%20Mayoral.png?raw=true,https://github.com/RafaelMoura98/Projeto-Dashboard-Madrid/blob/Desenvolvimento/Assets/Jogadores/Imagens%20Filtros/Mayoral.png?raw=true,Espanha
Alphonse Areola,https://github.com/RafaelMoura98/Projeto-Dashboard-Madrid/blob/Desenvolvimento/Assets/Jogadores/Imagem%20Inteiras/Alphonse%20Areola.png?raw=true,https://github.com/RafaelMoura98/Projeto-Dashboard-Madrid/blob/Desenvolvimento/Assets/Jogadores/Imagens%20Filtros/Areola.png?raw=true,França
James Rodríguez,https://github.com/RafaelMoura98/Projeto-Dashboard-Madrid/blob/Desenvolvimento/Assets/Jogadores/Imagem%20Inteiras/James%20Rodr%C3%ADguez.png?raw=true,https://github.com/RafaelMoura98/Projeto-Dashboard-Madrid/blob/Desenvolvimento/Assets/Jogadores/Imagens%20Filtros/James%20Rodr%C3%ADguez.png?raw=true,Colômbia
Keylor Navas,https://github.com/RafaelMoura98/Projeto-Dashboard-Madrid/blob/Desenvolvimento/Assets/Jogadores/Imagem%20Inteiras/Keylor%20Navas.png?raw=true,https://github.com/RafaelMoura98/Projeto-Dashboard-Madrid/blob/Desenvolvimento/Assets/Jogadores/Imagens%20Filtros/Navas.png?raw=true,Costa Rica
Sergio Reguilón,https://github.com/RafaelMoura98/Projeto-Dashboard-Madrid/blob/Desenvolvimento/Assets/Jogadores/Imagem%20Inteiras/Sergio%20Reguil%C3%B3n.png?raw=true,https://github.com/RafaelMoura98/Projeto-Dashboard-Madrid/blob/Desenvolvimento/Assets/Jogadores/Imagens%20Filtros/Reguil%C3%B3n.png?raw=true,Espanha
Marcos Llorente,https://github.com/RafaelMoura98/Projeto-Dashboard-Madrid/blob/Desenvolvimento/Assets/Jogadores/Imagem%20Inteiras/Marcos%20Llorente.png?raw=true,https://github.com/RafaelMoura98/Projeto-Dashboard-Madrid/blob/Desenvolvimento/Assets/Jogadores/Imagens%20Filtros/Llorente.png?raw=true,Espanha
Javi Sánchez,https://github.com/RafaelMoura98/Projeto-Dashboard-Madrid/blob/Desenvolvimento/Assets/Jogadores/Imagem%20Inteiras/Javi%20S%C3%A1nchez.png?raw=true,https://github.com/RafaelMoura98/Projeto-Dashboard-Madrid/blob/Desenvolvimento/Assets/Jogadores/Imagens%20Filtros/S%C3%A1nchez.png?raw=true,Espanha
Luca Zidane,https://github.com/RafaelMoura98/Projeto-Dashboard-Madrid/blob/Desenvolvimento/Assets/Jogadores/Imagem%20Inteiras/Luca%20Zidane.png?raw=true,https://github.com/RafaelMoura98/Projeto-Dashboard-Madrid/blob/Desenvolvimento/Assets/Jogadores/Imagens%20Filtros/Luca%20Zidane.png?raw=true,França
Cristo González,https://github.com/RafaelMoura98/Projeto-Dashboard-Madrid/blob/Desenvolvimento/Assets/Jogadores/Imagem%20Inteiras/Cristo%20Gonz%C3%A1lez.png?raw=true,https://github.com/RafaelMoura98/Projeto-Dashboard-Madrid/blob/Desenvolvimento/Assets/Jogadores/Imagens%20Filtros/Cristo.png?raw=true,Espanha
Álvaro Fidalgo,https://github.com/RafaelMoura98/Projeto-Dashboard-Madrid/blob/Desenvolvimento/Assets/Jogadores/Imagem%20Inteiras/%C3%81lvaro%20Fidalgo.png?raw=true,https://github.com/RafaelMoura98/Projeto-Dashboard-Madrid/blob/Desenvolvimento/Assets/Jogadores/Imagens%20Filtros/Fidalgo.png?raw=true,Espanha