Jogador,Nacionalidade,Posição,Idade,Partidas Disputadas,Jogos como Títular,Minutos Jogados,Total de Gols,Assistências,Gols de Pênalti,Pênalti Batidos,Conduções ao Gol,Passes Progressivos,Passes Progressivos Recebidos,Temporada
Federico Valverde,Uruguai,"Meio Campista, Defensor",26,58,55,4938,9,8,0,0,90,304,99,2025
Kylian Mbappé,França,Atacante,25,55,51,4532,42,4,7,10,203,175,503,2025
Jude Bellingham,Inglaterra,Meio Campista,21,51,48,4247,14,13,1,2,97,277,190,2025
Aurélien Tchouaméni,França,"Meio Campista, Defensor",24,51,49,4233,2,1,0,0,24,202,15,2025
Thibaut Courtois,Bélgica,Goleiro,32,46,46,4200,0,0,0,0,0,0,0,2025
Antonio Rüdiger,Alemanha,Defensor,31,49,45,4098,3,0,0,0,27,129,6,2025
Vinicius Júnior,Brasil,Atacante,24,51,43,4073,20,14,3,5,251,113,378,2025
Rodrygo,Brasil,"Meio Campista, Atacante",23,50,38,3275,13,9,0,0,158,146,353,2025
Lucas Vázquez,Espanha,Defensor,33,50,36,3232,2,7,0,0,44,124,241,2025
Raúl Asencio,Espanha,Defensor,21,41,32,3063,0,2,0,0,8,34,6,2025
Fran Garcia,Espanha,Defensor,24,47,28,2873,0,4,0,0,86,132,197,2025
Luka Modrić,Cróacia,Meio Campista,38,56,27,2854,4,9,0,0,73,271,77,2025
Ferland Mendy,França,Defensor,29,31,28,2238,0,2,0,0,18,59,62,2025
Brahim Díaz,Marrocos,"Atacante, Meio Campista",24,51,23,2169,6,6,0,0,58,96,143,2025
Eduardo Camavinga,França,Meio Campista,21,34,21,2023,2,2,0,0,33,86,36,2025
Dani Ceballos,Espanha,Meio Campista,27,40,22,1956,0,2,0,0,46,185,19,2025
Arda Güler,Turquia,"Meio Campista, Atacante",19,42,18,1781,5,8,0,0,40,108,93,2025
Andriy Lunin,Ucrânia,Goleiro,25,14,14,1320,0,1,0,0,0,0,0,2025
Éder Militão,Brasil,Defensor,26,17,15,1309,1,1,0,0,9,58,2,2025
Dani Carvajal,Espanha,Defensor,32,11,10,877,1,1,0,0,16,39,62,2025
Endrick,Brasil,Atacante,18,37,8,863,7,0,0,0,13,11,42,2025
David Alaba,Áustria,Defensor,32,14,7,601,0,0,0,0,3,12,10,2025
Jacobo Ramón,Espanha,Defensor,19,5,3,307,1,0,0,0,0,1,2,2025
Jesús Vallejo,Espanha,Defensor,27,4,1,138,0,1,0,0,0,5,1,2025
Diego Aguado,Espanha,Defensor,17,1,1,90,0,0,0,0,,,,2025
Fran,Espanha,Goleiro,19,1,1,90,0,0,0,0,0,0,0,2025
Lorenzo Aguado,Espanha,Defensor,21,3,1,67,0,0,0,0,0,0,0,2025
Gonzalo García,Espanha,Meio Campista,20,4,0,65,1,1,0,0,0,0,3,2025
Chema,Espanha,Meio Campista,19,3,0,40,0,0,0,0,0,0,0,2025
Víctor Muñoz,Espanha,"Atacante, Defensor",21,2,0,36,0,0,0,0,3,0,9,2025
Daniel Yáñez,Espanha,Meio Campista,17,1,0,2,0,0,0,0,0,0,0,2025
Federico Valverde,Uruguai,"Meio Campista, Atacante",25,54,48,4271,3,7,0,0,131,297,137,2024
Antonio Rüdiger,Alemanha,Defensor,30,48,44,4079,2,2,0,0,17,115,1,2024
Rodrygo,Brasil,Atacante,22,51,43,3683,17,8,0,1,208,118,383,2024
Jude Bellingham,Inglaterra,"Meio Campista, Atacante",20,42,41,3629,23,13,1,1,121,265,253,2024
Dani Carvajal,Espanha,Defensor,31,41,37,3347,6,6,0,0,43,107,211,2024
Toni Kroos,Alemanha,Meio Campista,33,48,35,3171,1,10,0,0,39,368,38,2024
Nacho,Espanha,Defensor,33,45,33,3131,0,1,0,0,17,75,10,2024
Vinicius Júnior,Brasil,Atacante,23,39,35,3067,24,9,3,3,207,82,388,2024
Andriy Lunin,Ucrânia,Goleiro,24,31,31,2850,0,0,0,0,0,0,0,2024
Ferland Mendy,França,Defensor,28,37,33,2827,1,0,0,0,23,120,124,2024
Eduardo Camavinga,França,Meio Campista,20,46,32,2817,0,3,0,0,62,148,47,2024
Aurélien Tchouaméni,França,"Meio Campista, Defensor",23,38,31,2808,3,1,0,0,31,146,17,2024
Luka Modrić,Cróacia,Meio Campista,37,46,23,2249,2,7,0,1,69,243,107,2024
Joselu,Espanha,Atacante,33,49,18,2121,18,3,1,3,17,22,111,2024
Brahim Díaz,Marrocos,"Meio Campista, Atacante",23,44,22,2067,12,8,0,0,93,93,195,2024
Lucas Vázquez,Espanha,Defensor,32,38,18,1795,3,7,0,0,41,72,205,2024
Kepa Arrizabalaga,Espanha,Goleiro,28,20,19,1768,0,0,0,0,0,0,0,2024
Fran Garcia,Espanha,Defensor,23,31,18,1693,1,6,0,0,69,70,163,2024
David Alaba,Áustria,Defensor,31,17,17,1404,0,2,0,0,11,57,22,2024
Dani Ceballos,Espanha,Meio Campista,26,27,8,876,1,2,0,0,20,57,29,2024
Éder Militão,Brasil,Defensor,25,13,6,509,0,0,0,0,7,15,2,2024
Arda Güler,Turquia,Meio Campista,18,12,5,444,6,0,0,0,16,17,25,2024
Thibaut Courtois,Bélgica,Goleiro,31,5,5,422,0,0,0,0,0,0,0,2024
Nicolás Paz,Argentina,Meio Campista,18,8,1,133,1,0,0,0,5,8,5,2024
Álvaro Carrillo,Espanha,Defensor,21,1,1,90,0,0,0,0,,,,2024
Vinicius Tobias,Brasil,Defensor,19,1,1,79,0,0,0,0,,,,2024
Mario Martín,Espanha,Meio Campista,19,3,0,39,0,0,0,0,0,0,1,2024
Gonzalo García,Espanha,Meio Campista,19,2,0,19,0,0,0,0,1,0,3,2024
Álvaro Rodríguez,Uruguai,Atacante,19,2,0,12,0,0,0,0,0,0,0,2024
Fran,Espanha,Goleiro,18,0,0,,,,,,,,,2024
Álvaro Odriozola,Espanha,Defensor,27,0,0,,,,,,,,,2024
Jacobo Ramón,Espanha,Defensor,18,0,0,,,,,,,,,2024
Vinicius Júnior,Brasil,Atacante,22,53,51,4564,20,19,0,0,291,107,625,2023
Thibaut Courtois,Bélgica,Goleiro,30,49,49,4470,0,0,0,0,0,0,0,2023
Éder Militão,Brasil,Defensor,24,51,48,4228,7,0,0,0,35,115,19,2023
Federico Valverde,Uruguai,"Meio Campista, Atacante",24,54,48,4211,9,7,0,0,113,209,191,2023
Rodrygo,Brasil,Atacante,21,55,40,3725,18,10,3,3,184,102,350,2023
Antonio Rüdiger,Alemanha,Defensor,29,51,37,3676,2,0,0,0,24,74,10,2023
Toni Kroos,Alemanha,Meio Campista,32,50,43,3644,2,6,0,0,59,407,46,2023
Karim Benzema,França,Atacante,34,42,41,3560,30,5,9,10,84,169,201,2023
Eduardo Camavinga,França,"Meio Campista, Defensor",19,57,37,3406,0,2,0,0,87,189,114,2023
Dani Carvajal,Espanha,Defensor,30,44,35,3131,0,4,0,0,34,93,182,2023
Luka Modrić,Cróacia,Meio Campista,36,50,33,2990,6,6,2,2,65,234,113,2023
David Alaba,Áustria,Defensor,30,37,33,2819,2,3,0,0,24,86,86,2023
Aurélien Tchouaméni,França,Meio Campista,22,48,31,2691,0,4,0,0,51,179,27,2023
Nacho,Espanha,Defensor,32,42,27,2578,1,1,0,0,24,89,39,2023
Ferland Mendy,França,Defensor,27,28,25,2058,0,1,0,0,30,78,84,2023
Marco Asensio,Espanha,"Atacante, Meio Campista",26,50,18,2004,12,8,0,1,68,89,123,2023
Dani Ceballos,Espanha,Meio Campista,25,44,20,1905,1,7,0,0,62,211,63,2023
Lucas Vázquez,Espanha,Defensor,31,30,16,1503,4,2,0,0,39,59,164,2023
Andriy Lunin,Ucrânia,Goleiro,23,10,10,900,0,0,0,0,0,0,0,2023
Eden Hazard,Bélgica,"Atacante, Meio Campista",31,10,4,395,1,2,0,1,11,12,34,2023
Mariano,República Dominicana,Atacante,28,10,1,163,0,0,0,0,3,3,13,2023
Álvaro Rodríguez,Uruguai,Atacante,18,8,0,109,1,1,0,0,0,1,3,2023
Casemiro,Brasil,Meio Campista,30,2,1,98,0,1,0,0,0,0,0,2023
Álvaro Odriozola,Espanha,Defensor,26,5,1,95,0,0,0,0,4,2,5,2023
Jesús Vallejo,Espanha,Defensor,25,3,0,80,0,0,0,0,0,1,0,2023
Sergio Arribas,Espanha,Meio Campista,20,3,0,29,0,0,0,0,0,2,0,2023
Mario Martín,Espanha,Meio Campista,18,1,0,6,0,0,0,0,,,,2023
Nicolás Paz,Argentina,Meio Campista,17,0,0,,,,,,,,,2023
Vinicius Tobias,Brasil,Defensor,18,0,0,,,,,,,,,2023
Thibaut Courtois,Bélgica,Goleiro,29,36,36,3240,0,0,0,0,0,1,0,2022
Éder Militão,Brasil,Defensor,23,34,34,3031,1,2,0,0,22,102,15,2022
Karim Benzema,França,Atacante,33,32,31,2593,27,12,7,11,88,177,252,2022
Casemiro,Brasil,Meio Campista,29,32,31,2569,1,3,0,0,23,162,30,2022
Vinicius Júnior,Brasil,Atacante,21,35,30,2690,17,10,0,0,225,123,485,2022
David Alaba,Áustria,Defensor,29,30,30,2642,2,3,0,0,40,154,76,2022
Toni Kroos,Alemanha,Meio Campista,31,28,25,2103,1,3,0,0,40,277,38,2022
Luka Modrić,Cróacia,Meio Campista,35,28,25,2032,2,8,1,1,67,221,87,2022
Lucas Vázquez,Espanha,Defensor,30,29,20,1833,3,0,0,0,58,108,156,2022
Ferland Mendy,França,Defensor,26,22,20,1734,2,1,0,0,71,99,116,2022
Federico Valverde,Uruguai,Meio Campista,23,31,19,1833,0,1,0,0,76,129,86,2022
Marco Asensio,Espanha,"Atacante, Meio Campista",25,31,19,1731,10,0,0,0,56,80,143,2022
Nacho,Espanha,Defensor,31,28,17,1555,3,0,0,0,15,59,10,2022
Dani Carvajal,Espanha,Defensor,29,24,17,1551,1,3,0,0,29,73,108,2022
Rodrygo,Brasil,Atacante,20,33,17,1523,4,4,0,0,76,49,194,2022
Eduardo Camavinga,França,Meio Campista,18,26,13,1236,2,1,0,0,30,79,33,2022
Eden Hazard,Bélgica,"Atacante, Meio Campista",30,18,7,717,0,1,0,0,41,34,99,2022
Marcelo,Brasil,Defensor,33,12,5,525,0,2,0,0,17,47,47,2022
Jesús Vallejo,Espanha,Defensor,24,5,4,341,0,0,0,0,0,1,0,2022
Gareth Bale,País de Gales,Atacante,32,5,4,280,1,0,0,0,6,8,10,2022
Mariano,República Dominicana,Atacante,27,9,3,342,1,1,0,0,10,5,19,2022
Isco,Espanha,"Meio Campista, Atacante",29,14,3,331,1,0,0,0,16,42,17,2022
Miguel Gutiérrez,Espanha,Defensor,20,3,3,260,0,1,0,0,9,18,10,2022
Dani Ceballos,Espanha,Meio Campista,24,11,2,276,0,0,0,0,6,20,8,2022
Andriy Lunin,Ucrânia,Goleiro,22,2,2,180,0,0,0,0,0,0,0,2022
Luka Jović,Sérvia,Atacante,23,15,1,369,1,3,0,0,4,7,17,2022
Antonio Blanco,Espanha,Meio Campista,21,1,0,31,0,0,0,0,1,1,0,2022
Peter González,República Dominicana,"Meio Campista, Defensor",19,3,0,27,0,0,0,0,3,1,3,2022
Mario Gila,Espanha,Defensor,20,2,0,25,0,0,0,0,0,1,0,2022
Sergio Santos,Espanha,Defensor,20,1,0,11,0,0,0,0,0,0,1,2022
Juanmi Latasa,Espanha,Atacante,20,1,0,9,0,0,0,0,0,0,1,2022
Álvaro Odriozola,Espanha,Defensor,25,0,0,,,,,,,,,2022
Thibaut Courtois,Bélgica,Goleiro,28,51,51,4590,0,0,0,0,0,0,0,2021
Casemiro,Brasil,Meio Campista,28,46,43,3939,7,5,0,0,22,169,59,2021
Karim Benzema,França,Atacante,32,46,43,3875,30,9,1,1,133,151,319,2021
Luka Modrić,Cróacia,Meio Campista,34,48,43,3711,6,6,0,0,88,380,129,2021
Raphaël Varane,França,Defensor,27,41,41,3570,2,0,0,0,36,122,5,2021
Ferland Mendy,França,Defensor,25,38,36,3260,2,0,0,0,111,129,210,2021
Toni Kroos,Alemanha,Meio Campista,30,42,36,3189,3,12,0,0,61,371,64,2021
Lucas Vázquez,Espanha,"Defensor, Atacante",29,34,31,2778,2,7,0,0,79,142,284,2021
Nacho,Espanha,Defensor,30,33,30,2765,1,0,0,0,54,93,42,2021
Vinicius Júnior,Brasil,Atacante,20,49,31,2717,6,4,0,0,180,64,365,2021
Marco Asensio,Espanha,Atacante,24,48,29,2608,7,2,0,0,115,103,224,2021
Federico Valverde,Uruguai,"Meio Campista, Defensor",22,33,21,1964,3,1,0,0,56,125,66,2021
Sergio Ramos,Espanha,Defensor,34,21,21,1788,4,1,3,3,23,114,4,2021
Éder Militão,Brasil,Defensor,22,21,19,1730,2,1,0,0,15,34,9,2021
Marcelo,Brasil,Defensor,32,19,15,1336,0,4,0,0,29,111,105,2021
Rodrygo,Brasil,"Atacante, Meio Campista",19,33,13,1306,2,7,0,0,59,39,136,2021
Dani Carvajal,Espanha,Defensor,28,15,13,1116,0,2,0,0,26,57,72,2021
Isco,Espanha,"Atacante, Meio Campista",28,29,10,1103,0,2,0,0,42,118,60,2021
Álvaro Odriozola,Espanha,Defensor,24,16,10,959,2,0,0,0,30,14,66,2021
Eden Hazard,Bélgica,Atacante,29,21,11,895,4,2,1,1,39,27,97,2021
Mariano,República Dominicana,Atacante,26,22,7,690,1,0,0,0,8,12,38,2021
Martin Ødegaard,Noruega,Meio Campista,21,9,5,367,0,0,0,0,9,30,26,2021
Miguel Gutiérrez,Espanha,"Defensor, Meio Campista",19,6,3,316,0,1,0,0,13,21,27,2021
Antonio Blanco,Espanha,Meio Campista,20,4,2,220,0,0,0,0,0,18,0,2021
Víctor Chust,Espanha,Defensor,20,3,2,215,0,0,0,0,0,4,0,2021
Luka Jović,Sérvia,Atacante,22,5,3,207,0,0,0,0,2,0,7,2021
Sergio Arribas,Espanha,Atacante,18,10,0,167,0,0,0,0,8,11,16,2021
Marvin,Espanha,Atacante,20,4,2,133,0,1,0,0,6,6,10,2021
Andriy Lunin,Ucrânia,Goleiro,21,1,1,120,0,0,0,0,,,,2021
Hugo Duro,Espanha,Atacante,20,3,0,70,0,0,0,0,0,1,6,2021
Borja Mayoral,Espanha,Atacante,23,2,0,23,0,0,0,0,0,0,5,2021
Sergio Santos,Espanha,Defensor,19,0,0,,,,,,,,,2021
Casemiro,Brasil,Meio Campista,27,46,46,4077,5,5,0,0,23,238,28,2020
Karim Benzema,França,Atacante,31,48,45,3967,27,11,5,5,137,208,335,2020
Thibaut Courtois,Bélgica,Goleiro,27,43,43,3855,0,0,0,0,0,0,0,2020
Raphaël Varane,França,Defensor,26,43,43,3842,3,1,0,0,11,88,4,2020
Sergio Ramos,Espanha,Defensor,33,44,44,3825,13,0,7,7,26,192,9,2020
Dani Carvajal,Espanha,Defensor,27,42,42,3750,1,7,0,0,111,223,233,2020
Toni Kroos,Alemanha,Meio Campista,29,45,41,3564,6,8,0,0,74,387,91,2020
Federico Valverde,Uruguai,Meio Campista,21,44,30,2714,2,5,0,0,49,133,84,2020
Luka Modrić,Cróacia,Meio Campista,33,40,28,2628,5,7,0,0,76,219,97,2020
Ferland Mendy,França,Defensor,24,32,25,2408,1,3,0,0,80,74,159,2020
Marcelo,Brasil,Defensor,31,23,21,1852,2,5,0,0,56,129,150,2020
Vinicius Júnior,Brasil,Atacante,19,38,17,1828,5,3,0,0,115,38,254,2020
Isco,Espanha,"Meio Campista, Atacante",27,30,20,1611,3,2,0,0,53,113,93,2020
Eden Hazard,Bélgica,Atacante,28,22,20,1531,1,4,0,0,119,80,232,2020
Éder Militão,Brasil,Defensor,21,20,15,1472,0,0,0,0,3,29,2,2020
Rodrygo,Brasil,Atacante,18,26,16,1425,7,3,0,0,71,41,160,2020
Gareth Bale,País de Gales,"Atacante, Meio Campista",30,20,14,1257,3,2,0,0,51,37,133,2020
Lucas Vázquez,Espanha,"Atacante, Meio Campista",28,23,10,"1,04",3,1,0,0,34,45,145,2020
Luka Jović,Sérvia,Atacante,21,27,8,818,2,2,0,0,5,16,32,2020
Alphonse Areola,França,Goleiro,26,9,8,765,0,0,0,0,0,0,0,2020
James Rodríguez,Colômbia,Meio Campista,28,14,9,728,1,2,0,0,11,41,30,2020
Nacho,Espanha,Defensor,29,10,7,687,2,0,0,0,8,23,28,2020
Álvaro Odriozola,Espanha,Defensor,23,5,5,433,0,2,0,0,15,10,16,2020
Marco Asensio,Espanha,Atacante,23,10,3,366,3,1,0,0,9,13,33,2020
Brahim Díaz,Marrocos,Atacante,19,10,1,214,1,1,0,0,7,4,10,2020
Mariano,República Dominicana,"Atacante, Meio Campista",25,7,0,91,1,0,0,0,2,1,2,2020
Keylor Navas,Costa Rica,Goleiro,32,0,0,,,,,,,,,2020
Miguel Gutiérrez,Espanha,"Defensor, Meio Campista",18,0,0,,,,,,,,,2020
Karim Benzema,França,Atacante,30,51,50,4109,30,9,3,3,138,161,339,2019
Raphaël Varane,França,Defensor,25,41,40,3594,2,0,0,0,17,86,3,2019
Sergio Ramos,Espanha,Defensor,32,40,40,3479,10,1,8,8,28,151,10,2019
Luka Modrić,Cróacia,Meio Campista,32,44,39,3380,3,7,0,0,84,344,129,2019
Toni Kroos,Alemanha,Meio Campista,28,41,37,3265,1,5,0,0,85,397,58,2019
Casemiro,Brasil,Meio Campista,26,41,38,3230,4,0,0,0,16,133,30,2019
Thibaut Courtois,Bélgica,Goleiro,26,33,33,2970,0,0,0,0,0,0,0,2019
Dani Carvajal,Espanha,Defensor,26,35,33,2961,1,5,0,0,92,147,175,2019
Marcelo,Brasil,Defensor,30,32,30,2676,3,4,0,0,74,229,193,2019
Lucas Vázquez,Espanha,"Atacante, Defensor",27,45,27,2508,5,4,0,0,93,86,266,2019
Nacho,Espanha,Defensor,28,30,27,2490,0,1,0,0,18,77,56,2019
Gareth Bale,País de Gales,Atacante,29,40,27,2466,11,6,1,1,95,82,275,2019
Marco Asensio,Espanha,"Atacante, Meio Campista",22,43,24,2363,6,5,0,0,136,121,287,2019
Keylor Navas,Costa Rica,Goleiro,31,21,21,1920,0,0,0,0,0,0,0,2019
Dani Ceballos,Espanha,Meio Campista,21,33,19,1908,3,2,0,0,46,159,86,2019
Álvaro Odriozola,Espanha,Defensor,22,22,21,1856,1,6,0,0,65,54,169,2019
Sergio Reguilón,Espanha,Defensor,21,22,21,1794,0,3,0,0,70,98,118,2019
Vinicius Júnior,Brasil,Atacante,18,30,20,1735,4,8,0,0,95,20,167,2019
Isco,Espanha,"Atacante, Meio Campista",26,36,17,1723,6,2,0,0,58,147,126,2019
Federico Valverde,Uruguai,Meio Campista,20,25,10,1129,0,0,0,0,19,75,29,2019
Marcos Llorente,Espanha,Meio Campista,23,14,12,1006,1,0,0,0,12,23,6,2019
Mariano,República Dominicana,Atacante,24,19,4,615,4,0,0,0,6,14,45,2019
Jesús Vallejo,Espanha,Defensor,21,7,6,491,1,0,0,0,1,6,0,2019
Brahim Díaz,Marrocos,Atacante,18,11,5,394,1,1,0,0,17,12,49,2019
Javi Sánchez,Espanha,Defensor,21,5,3,348,1,0,0,0,0,7,0,2019
Luca Zidane,França,Goleiro,20,1,1,90,0,0,0,0,0,0,0,2019
Cristo González,Espanha,Atacante,20,4,0,84,1,0,0,0,1,1,0,2019
Fran Garcia,Espanha,Defensor,18,1,0,45,0,1,0,0,,,,2019
Borja Mayoral,Espanha,Atacante,21,1,0,19,0,0,0,0,,,,2019
Álvaro Fidalgo,Espanha,Meio Campista,21,1,0,13,0,0,0,0,,,,2019
Andriy Lunin,Ucrânia,Goleiro,19,0,0,,,,,,,,,2019